contract_ticker,event_ticker,decision_time,close_time,asset_symbol,contract_family,proxy_state,predicted_side,selected_side_outcome,selected_side_executable_price,all_in_break_even_probability,conservative_calibrated_side_probability,margin_probability,expected_value_per_contract,paper_result_per_contract,cost_quality,correlation_cluster_key,usable
KXBNB-26JUL0122-B367,KXBNB-26JUL0122,2026-07-02T01:00:17Z,2026-07-02T02:00:00Z,BNB,range,proxy_above_range_not_label,yes,0,0.01,0.0107,0.5156621967,0.5049621967,0.5049621967,-0.0107,estimated_fee_from_executable_price,BNB|range|2026-07-02T02:00Z,False
KXBNB-26JUL0122-B372,KXBNB-26JUL0122,2026-07-02T01:00:17Z,2026-07-02T02:00:00Z,BNB,range,proxy_above_range_not_label,yes,0,0.01,0.0107,0.5156621967,0.5049621967,0.5049621967,-0.0107,estimated_fee_from_executable_price,BNB|range|2026-07-02T02:00Z,False
KXBNB-26JUL0122-B377,KXBNB-26JUL0122,2026-07-02T01:00:17Z,2026-07-02T02:00:00Z,BNB,range,proxy_above_range_not_label,yes,0,0.01,0.0107,0.5156621967,0.5049621967,0.5049621967,-0.0107,estimated_fee_from_executable_price,BNB|range|2026-07-02T02:00Z,False
KXBNB-26JUL0122-B382,KXBNB-26JUL0122,2026-07-02T01:00:17Z,2026-07-02T02:00:00Z,BNB,range,proxy_above_range_not_label,yes,0,0.01,0.0107,0.5156621967,0.5049621967,0.5049621967,-0.0107,estimated_fee_from_executable_price,BNB|range|2026-07-02T02:00Z,False
KXBNB-26JUL0122-B387,KXBNB-26JUL0122,2026-07-02T01:00:17Z,2026-07-02T02:00:00Z,BNB,range,proxy_above_range_not_label,yes,0,0.01,0.0107,0.5156621967,0.5049621967,0.5049621967,-0.0107,estimated_fee_from_executable_price,BNB|range|2026-07-02T02:00Z,False
KXBNB-26JUL0122-B392,KXBNB-26JUL0122,2026-07-02T01:00:17Z,2026-07-02T02:00:00Z,BNB,range,proxy_above_range_not_label,yes,0,0.01,0.0107,0.5156621967,0.5049621967,0.5049621967,-0.0107,estimated_fee_from_executable_price,BNB|range|2026-07-02T02:00Z,False
KXBNB-26JUL0122-B397,KXBNB-26JUL0122,2026-07-02T01:00:17Z,2026-07-02T02:00:00Z,BNB,range,proxy_above_range_not_label,yes,0,0.01,0.0107,0.5156621967,0.5049621967,0.5049621967,-0.0107,estimated_fee_from_executable_price,BNB|range|2026-07-02T02:00Z,False
KXBNB-26JUL0122-B402,KXBNB-26JUL0122,2026-07-02T01:00:17Z,2026-07-02T02:00:00Z,BNB,range,proxy_above_range_not_label,yes,0,0.01,0.0107,0.5156621967,0.5049621967,0.5049621967,-0.0107,estimated_fee_from_executable_price,BNB|range|2026-07-02T02:00Z,False
KXBNB-26JUL0122-B407,KXBNB-26JUL0122,2026-07-02T01:00:17Z,2026-07-02T02:00:00Z,BNB,range,proxy_above_range_not_label,yes,0,0.01,0.0107,0.5156621967,0.5049621967,0.5049621967,-0.0107,estimated_fee_from_executable_price,BNB|range|2026-07-02T02:00Z,False
KXBNB-26JUL0122-B412,KXBNB-26JUL0122,2026-07-02T01:00:17Z,2026-07-02T02:00:00Z,BNB,range,proxy_above_range_not_label,yes,0,0.0,0.0,0.5156621967,0.5156621967,0.5156621967,0.0,estimated_fee_from_executable_price,BNB|range|2026-07-02T02:00Z,False
KXBNB-26JUL0122-B417,KXBNB-26JUL0122,2026-07-02T01:00:17Z,2026-07-02T02:00:00Z,BNB,range,proxy_above_range_not_label,yes,0,0.01,0.0107,0.5156621967,0.5049621967,0.5049621967,-0.0107,estimated_fee_from_executable_price,BNB|range|2026-07-02T02:00Z,False
KXBNB-26JUL0122-B422,KXBNB-26JUL0122,2026-07-02T01:00:17Z,2026-07-02T02:00:00Z,BNB,range,proxy_above_range_not_label,yes,0,0.01,0.0107,0.5156621967,0.5049621967,0.5049621967,-0.0107,estimated_fee_from_executable_price,BNB|range|2026-07-02T02:00Z,False
KXBNB-26JUL0122-B427,KXBNB-26JUL0122,2026-07-02T01:00:17Z,2026-07-02T02:00:00Z,BNB,range,proxy_above_range_not_label,yes,0,0.0,0.0,0.5156621967,0.5156621967,0.5156621967,0.0,estimated_fee_from_executable_price,BNB|range|2026-07-02T02:00Z,False
KXBNB-26JUL0122-B432,KXBNB-26JUL0122,2026-07-02T01:00:17Z,2026-07-02T02:00:00Z,BNB,range,proxy_above_range_not_label,yes,0,0.01,0.0107,0.5156621967,0.5049621967,0.5049621967,-0.0107,estimated_fee_from_executable_price,BNB|range|2026-07-02T02:00Z,False
KXBNB-26JUL0122-B437,KXBNB-26JUL0122,2026-07-02T01:00:17Z,2026-07-02T02:00:00Z,BNB,range,proxy_above_range_not_label,yes,0,0.01,0.0107,0.5156621967,0.5049621967,0.5049621967,-0.0107,estimated_fee_from_executable_price,BNB|range|2026-07-02T02:00Z,False
KXBNB-26JUL0122-B442,KXBNB-26JUL0122,2026-07-02T01:00:17Z,2026-07-02T02:00:00Z,BNB,range,proxy_above_range_not_label,yes,0,0.0,0.0,0.5156621967,0.5156621967,0.5156621967,0.0,estimated_fee_from_executable_price,BNB|range|2026-07-02T02:00Z,False
KXBNB-26JUL0122-B447,KXBNB-26JUL0122,2026-07-02T01:00:17Z,2026-07-02T02:00:00Z,BNB,range,proxy_above_range_not_label,yes,0,0.01,0.0107,0.5156621967,0.5049621967,0.5049621967,-0.0107,estimated_fee_from_executable_price,BNB|range|2026-07-02T02:00Z,False
KXBNB-26JUL0122-B452,KXBNB-26JUL0122,2026-07-02T01:00:17Z,2026-07-02T02:00:00Z,BNB,range,proxy_above_range_not_label,yes,0,0.0,0.0,0.5156621967,0.5156621967,0.5156621967,0.0,estimated_fee_from_executable_price,BNB|range|2026-07-02T02:00Z,False
KXBNB-26JUL0122-B457,KXBNB-26JUL0122,2026-07-02T01:00:17Z,2026-07-02T02:00:00Z,BNB,range,proxy_above_range_not_label,yes,0,0.0,0.0,0.5156621967,0.5156621967,0.5156621967,0.0,estimated_fee_from_executable_price,BNB|range|2026-07-02T02:00Z,False
KXBNB-26JUL0122-B462,KXBNB-26JUL0122,2026-07-02T01:00:17Z,2026-07-02T02:00:00Z,BNB,range,proxy_above_range_not_label,yes,0,0.0,0.0,0.5156621967,0.5156621967,0.5156621967,0.0,estimated_fee_from_executable_price,BNB|range|2026-07-02T02:00Z,False
KXBNB-26JUL0122-B467,KXBNB-26JUL0122,2026-07-02T01:00:17Z,2026-07-02T02:00:00Z,BNB,range,proxy_above_range_not_label,yes,0,0.0,0.0,0.5156621967,0.5156621967,0.5156621967,0.0,estimated_fee_from_executable_price,BNB|range|2026-07-02T02:00Z,False
KXBNB-26JUL0122-B472,KXBNB-26JUL0122,2026-07-02T01:00:17Z,2026-07-02T02:00:00Z,BNB,range,proxy_above_range_not_label,yes,0,0.0,0.0,0.5156621967,0.5156621967,0.5156621967,0.0,estimated_fee_from_executable_price,BNB|range|2026-07-02T02:00Z,False
KXBNB-26JUL0122-B477,KXBNB-26JUL0122,2026-07-02T01:00:17Z,2026-07-02T02:00:00Z,BNB,range,proxy_above_range_not_label,yes,0,0.0,0.0,0.5156621967,0.5156621967,0.5156621967,0.0,estimated_fee_from_executable_price,BNB|range|2026-07-02T02:00Z,False
KXBNB-26JUL0122-B482,KXBNB-26JUL0122,2026-07-02T01:00:17Z,2026-07-02T02:00:00Z,BNB,range,proxy_above_range_not_label,yes,0,0.0,0.0,0.5156621967,0.5156621967,0.5156621967,0.0,estimated_fee_from_executable_price,BNB|range|2026-07-02T02:00Z,False
KXBNB-26JUL0122-B487,KXBNB-26JUL0122,2026-07-02T01:00:17Z,2026-07-02T02:00:00Z,BNB,range,proxy_above_range_not_label,yes,0,0.0,0.0,0.5156621967,0.5156621967,0.5156621967,0.0,estimated_fee_from_executable_price,BNB|range|2026-07-02T02:00Z,False
KXBNB-26JUL0122-B492,KXBNB-26JUL0122,2026-07-02T01:00:17Z,2026-07-02T02:00:00Z,BNB,range,proxy_above_range_not_label,yes,0,0.0,0.0,0.5156621967,0.5156621967,0.5156621967,0.0,estimated_fee_from_executable_price,BNB|range|2026-07-02T02:00Z,False
KXBNB-26JUL0122-B497,KXBNB-26JUL0122,2026-07-02T01:00:17Z,2026-07-02T02:00:00Z,BNB,range,proxy_above_range_not_label,yes,0,0.0,0.0,0.5156621967,0.5156621967,0.5156621967,0.0,estimated_fee_from_executable_price,BNB|range|2026-07-02T02:00Z,False
KXBNB-26JUL0122-B502,KXBNB-26JUL0122,2026-07-02T01:00:17Z,2026-07-02T02:00:00Z,BNB,range,proxy_above_range_not_label,yes,0,0.0,0.0,0.5156621967,0.5156621967,0.5156621967,0.0,estimated_fee_from_executable_price,BNB|range|2026-07-02T02:00Z,False
KXBNB-26JUL0122-B507,KXBNB-26JUL0122,2026-07-02T01:00:17Z,2026-07-02T02:00:00Z,BNB,range,proxy_above_range_not_label,yes,0,0.0,0.0,0.5156621967,0.5156621967,0.5156621967,0.0,estimated_fee_from_executable_price,BNB|range|2026-07-02T02:00Z,False
KXBNB-26JUL0122-B512,KXBNB-26JUL0122,2026-07-02T01:00:17Z,2026-07-02T02:00:00Z,BNB,range,proxy_above_range_not_label,yes,0,0.0,0.0,0.5156621967,0.5156621967,0.5156621967,0.0,estimated_fee_from_executable_price,BNB|range|2026-07-02T02:00Z,False
KXBNB-26JUL0122-B517,KXBNB-26JUL0122,2026-07-02T01:00:17Z,2026-07-02T02:00:00Z,BNB,range,proxy_above_range_not_label,yes,0,0.0,0.0,0.5156621967,0.5156621967,0.5156621967,0.0,estimated_fee_from_executable_price,BNB|range|2026-07-02T02:00Z,False
KXBNB-26JUL0122-B522,KXBNB-26JUL0122,2026-07-02T01:00:17Z,2026-07-02T02:00:00Z,BNB,range,proxy_above_range_not_label,yes,0,0.0,0.0,0.5156621967,0.5156621967,0.5156621967,0.0,estimated_fee_from_executable_price,BNB|range|2026-07-02T02:00Z,False
KXBNB-26JUL0122-B527,KXBNB-26JUL0122,2026-07-02T01:00:17Z,2026-07-02T02:00:00Z,BNB,range,proxy_above_range_not_label,yes,0,0.0,0.0,0.5156621967,0.5156621967,0.5156621967,0.0,estimated_fee_from_executable_price,BNB|range|2026-07-02T02:00Z,False
KXBNB-26JUL0122-B532,KXBNB-26JUL0122,2026-07-02T01:00:17Z,2026-07-02T02:00:00Z,BNB,range,proxy_above_range_not_label,yes,0,0.0,0.0,0.5156621967,0.5156621967,0.5156621967,0.0,estimated_fee_from_executable_price,BNB|range|2026-07-02T02:00Z,False
KXBNB-26JUL0122-B537,KXBNB-26JUL0122,2026-07-02T01:00:17Z,2026-07-02T02:00:00Z,BNB,range,proxy_above_range_not_label,yes,0,0.0,0.0,0.5156621967,0.5156621967,0.5156621967,0.0,estimated_fee_from_executable_price,BNB|range|2026-07-02T02:00Z,False
KXBNB-26JUL0122-B542,KXBNB-26JUL0122,2026-07-02T01:00:17Z,2026-07-02T02:00:00Z,BNB,range,proxy_above_range_not_label,yes,0,0.0,0.0,0.5156621967,0.5156621967,0.5156621967,0.0,estimated_fee_from_executable_price,BNB|range|2026-07-02T02:00Z,False
KXBNB-26JUL0122-B552,KXBNB-26JUL0122,2026-07-02T01:00:17Z,2026-07-02T02:00:00Z,BNB,range,proxy_below_range_not_label,no,1,1.0,1.0,0.5156621967,-0.4843378033,-0.4843378033,0.0,estimated_fee_from_executable_price,BNB|range|2026-07-02T02:00Z,False
KXBNB-26JUL0122-B557,KXBNB-26JUL0122,2026-07-02T01:00:17Z,2026-07-02T02:00:00Z,BNB,range,proxy_below_range_not_label,no,1,1.0,1.0,0.5156621967,-0.4843378033,-0.4843378033,0.0,estimated_fee_from_executable_price,BNB|range|2026-07-02T02:00Z,False
KXBNB-26JUL0122-B562,KXBNB-26JUL0122,2026-07-02T01:00:17Z,2026-07-02T02:00:00Z,BNB,range,proxy_below_range_not_label,no,1,1.0,1.0,0.5156621967,-0.4843378033,-0.4843378033,0.0,estimated_fee_from_executable_price,BNB|range|2026-07-02T02:00Z,False
KXBNB-26JUL0122-B567,KXBNB-26JUL0122,2026-07-02T01:00:17Z,2026-07-02T02:00:00Z,BNB,range,proxy_below_range_not_label,no,1,1.0,1.0,0.5156621967,-0.4843378033,-0.4843378033,0.0,estimated_fee_from_executable_price,BNB|range|2026-07-02T02:00Z,False
KXBNB-26JUL0122-B572,KXBNB-26JUL0122,2026-07-02T01:00:17Z,2026-07-02T02:00:00Z,BNB,range,proxy_below_range_not_label,no,1,1.0,1.0,0.5156621967,-0.4843378033,-0.4843378033,0.0,estimated_fee_from_executable_price,BNB|range|2026-07-02T02:00Z,False
KXBNB-26JUL0122-B577,KXBNB-26JUL0122,2026-07-02T01:00:17Z,2026-07-02T02:00:00Z,BNB,range,proxy_below_range_not_label,no,1,1.0,1.0,0.5156621967,-0.4843378033,-0.4843378033,0.0,estimated_fee_from_executable_price,BNB|range|2026-07-02T02:00Z,False
KXBNB-26JUL0122-B582,KXBNB-26JUL0122,2026-07-02T01:00:17Z,2026-07-02T02:00:00Z,BNB,range,proxy_below_range_not_label,no,1,1.0,1.0,0.5156621967,-0.4843378033,-0.4843378033,0.0,estimated_fee_from_executable_price,BNB|range|2026-07-02T02:00Z,False
KXBNB-26JUL0122-B587,KXBNB-26JUL0122,2026-07-02T01:00:17Z,2026-07-02T02:00:00Z,BNB,range,proxy_below_range_not_label,no,1,1.0,1.0,0.5156621967,-0.4843378033,-0.4843378033,0.0,estimated_fee_from_executable_price,BNB|range|2026-07-02T02:00Z,False
KXBNB-26JUL0122-B592,KXBNB-26JUL0122,2026-07-02T01:00:17Z,2026-07-02T02:00:00Z,BNB,range,proxy_below_range_not_label,no,1,1.0,1.0,0.5156621967,-0.4843378033,-0.4843378033,0.0,estimated_fee_from_executable_price,BNB|range|2026-07-02T02:00Z,False
KXBNB-26JUL0122-B597,KXBNB-26JUL0122,2026-07-02T01:00:17Z,2026-07-02T02:00:00Z,BNB,range,proxy_below_range_not_label,no,1,1.0,1.0,0.5156621967,-0.4843378033,-0.4843378033,0.0,estimated_fee_from_executable_price,BNB|range|2026-07-02T02:00Z,False
KXBNB-26JUL0122-B602,KXBNB-26JUL0122,2026-07-02T01:00:17Z,2026-07-02T02:00:00Z,BNB,range,proxy_below_range_not_label,no,1,1.0,1.0,0.5156621967,-0.4843378033,-0.4843378033,0.0,estimated_fee_from_executable_price,BNB|range|2026-07-02T02:00Z,False
KXBNB-26JUL0122-B607,KXBNB-26JUL0122,2026-07-02T01:00:17Z,2026-07-02T02:00:00Z,BNB,range,proxy_below_range_not_label,no,1,1.0,1.0,0.5156621967,-0.4843378033,-0.4843378033,0.0,estimated_fee_from_executable_price,BNB|range|2026-07-02T02:00Z,False
KXBNB-26JUL0122-B612,KXBNB-26JUL0122,2026-07-02T01:00:17Z,2026-07-02T02:00:00Z,BNB,range,proxy_below_range_not_label,no,1,1.0,1.0,0.5156621967,-0.4843378033,-0.4843378033,0.0,estimated_fee_from_executable_price,BNB|range|2026-07-02T02:00Z,False
KXBNB-26JUL0122-B617,KXBNB-26JUL0122,2026-07-02T01:00:17Z,2026-07-02T02:00:00Z,BNB,range,proxy_below_range_not_label,no,1,1.0,1.0,0.5156621967,-0.4843378033,-0.4843378033,0.0,estimated_fee_from_executable_price,BNB|range|2026-07-02T02:00Z,False
KXBNB-26JUL0122-B622,KXBNB-26JUL0122,2026-07-02T01:00:17Z,2026-07-02T02:00:00Z,BNB,range,proxy_below_range_not_label,no,1,1.0,1.0,0.5156621967,-0.4843378033,-0.4843378033,0.0,estimated_fee_from_executable_price,BNB|range|2026-07-02T02:00Z,False
KXBNB-26JUL0122-B627,KXBNB-26JUL0122,2026-07-02T01:00:17Z,2026-07-02T02:00:00Z,BNB,range,proxy_below_range_not_label,no,1,1.0,1.0,0.5156621967,-0.4843378033,-0.4843378033,0.0,estimated_fee_from_executable_price,BNB|range|2026-07-02T02:00Z,False
KXBNB-26JUL0122-B632,KXBNB-26JUL0122,2026-07-02T01:00:17Z,2026-07-02T02:00:00Z,BNB,range,proxy_below_range_not_label,no,1,1.0,1.0,0.5156621967,-0.4843378033,-0.4843378033,0.0,estimated_fee_from_executable_price,BNB|range|2026-07-02T02:00Z,False
KXBNB-26JUL0122-B637,KXBNB-26JUL0122,2026-07-02T01:00:17Z,2026-07-02T02:00:00Z,BNB,range,proxy_below_range_not_label,no,1,1.0,1.0,0.5156621967,-0.4843378033,-0.4843378033,0.0,estimated_fee_from_executable_price,BNB|range|2026-07-02T02:00Z,False
KXBNB-26JUL0122-B642,KXBNB-26JUL0122,2026-07-02T01:00:17Z,2026-07-02T02:00:00Z,BNB,range,proxy_below_range_not_label,no,1,1.0,1.0,0.5156621967,-0.4843378033,-0.4843378033,0.0,estimated_fee_from_executable_price,BNB|range|2026-07-02T02:00Z,False
KXBNB-26JUL0122-B647,KXBNB-26JUL0122,2026-07-02T01:00:17Z,2026-07-02T02:00:00Z,BNB,range,proxy_below_range_not_label,no,1,1.0,1.0,0.5156621967,-0.4843378033,-0.4843378033,0.0,estimated_fee_from_executable_price,BNB|range|2026-07-02T02:00Z,False
KXBNB-26JUL0122-B652,KXBNB-26JUL0122,2026-07-02T01:00:17Z,2026-07-02T02:00:00Z,BNB,range,proxy_below_range_not_label,no,1,1.0,1.0,0.5156621967,-0.4843378033,-0.4843378033,0.0,estimated_fee_from_executable_price,BNB|range|2026-07-02T02:00Z,False
KXBNB-26JUL0122-B657,KXBNB-26JUL0122,2026-07-02T01:00:17Z,2026-07-02T02:00:00Z,BNB,range,proxy_below_range_not_label,no,1,1.0,1.0,0.5156621967,-0.4843378033,-0.4843378033,0.0,estimated_fee_from_executable_price,BNB|range|2026-07-02T02:00Z,False
KXBNB-26JUL0122-B662,KXBNB-26JUL0122,2026-07-02T01:00:17Z,2026-07-02T02:00:00Z,BNB,range,proxy_below_range_not_label,no,1,1.0,1.0,0.5156621967,-0.4843378033,-0.4843378033,0.0,estimated_fee_from_executable_price,BNB|range|2026-07-02T02:00Z,False
KXBNB-26JUL0122-B667,KXBNB-26JUL0122,2026-07-02T01:00:17Z,2026-07-02T02:00:00Z,BNB,range,proxy_below_range_not_label,no,1,1.0,1.0,0.5156621967,-0.4843378033,-0.4843378033,0.0,estimated_fee_from_executable_price,BNB|range|2026-07-02T02:00Z,False
KXBNB-26JUL0122-B672,KXBNB-26JUL0122,2026-07-02T01:00:17Z,2026-07-02T02:00:00Z,BNB,range,proxy_below_range_not_label,no,1,1.0,1.0,0.5156621967,-0.4843378033,-0.4843378033,0.0,estimated_fee_from_executable_price,BNB|range|2026-07-02T02:00Z,False
KXBNB-26JUL0122-B677,KXBNB-26JUL0122,2026-07-02T01:00:17Z,2026-07-02T02:00:00Z,BNB,range,proxy_below_range_not_label,no,1,1.0,1.0,0.5156621967,-0.4843378033,-0.4843378033,0.0,estimated_fee_from_executable_price,BNB|range|2026-07-02T02:00Z,False
KXBNB-26JUL0122-B682,KXBNB-26JUL0122,2026-07-02T01:00:17Z,2026-07-02T02:00:00Z,BNB,range,proxy_below_range_not_label,no,1,1.0,1.0,0.5156621967,-0.4843378033,-0.4843378033,0.0,estimated_fee_from_executable_price,BNB|range|2026-07-02T02:00Z,False
KXBNB-26JUL0122-B687,KXBNB-26JUL0122,2026-07-02T01:00:17Z,2026-07-02T02:00:00Z,BNB,range,proxy_below_range_not_label,no,1,1.0,1.0,0.5156621967,-0.4843378033,-0.4843378033,0.0,estimated_fee_from_executable_price,BNB|range|2026-07-02T02:00Z,False
KXBNB-26JUL0122-B692,KXBNB-26JUL0122,2026-07-02T01:00:17Z,2026-07-02T02:00:00Z,BNB,range,proxy_below_range_not_label,no,1,1.0,1.0,0.5156621967,-0.4843378033,-0.4843378033,0.0,estimated_fee_from_executable_price,BNB|range|2026-07-02T02:00Z,False
KXBNB-26JUL0122-B697,KXBNB-26JUL0122,2026-07-02T01:00:17Z,2026-07-02T02:00:00Z,BNB,range,proxy_below_range_not_label,no,1,1.0,1.0,0.5156621967,-0.4843378033,-0.4843378033,0.0,estimated_fee_from_executable_price,BNB|range|2026-07-02T02:00Z,False
KXBNB-26JUL0122-B702,KXBNB-26JUL0122,2026-07-02T01:00:17Z,2026-07-02T02:00:00Z,BNB,range,proxy_below_range_not_label,no,1,1.0,1.0,0.5156621967,-0.4843378033,-0.4843378033,0.0,estimated_fee_from_executable_price,BNB|range|2026-07-02T02:00Z,False
KXBNB-26JUL0122-B707,KXBNB-26JUL0122,2026-07-02T01:00:17Z,2026-07-02T02:00:00Z,BNB,range,proxy_below_range_not_label,no,1,1.0,1.0,0.5156621967,-0.4843378033,-0.4843378033,0.0,estimated_fee_from_executable_price,BNB|range|2026-07-02T02:00Z,False
KXBNB-26JUL0122-B712,KXBNB-26JUL0122,2026-07-02T01:00:17Z,2026-07-02T02:00:00Z,BNB,range,proxy_below_range_not_label,no,1,1.0,1.0,0.5156621967,-0.4843378033,-0.4843378033,0.0,estimated_fee_from_executable_price,BNB|range|2026-07-02T02:00Z,False
KXBNB-26JUL0122-B717,KXBNB-26JUL0122,2026-07-02T01:00:17Z,2026-07-02T02:00:00Z,BNB,range,proxy_below_range_not_label,no,1,1.0,1.0,0.5156621967,-0.4843378033,-0.4843378033,0.0,estimated_fee_from_executable_price,BNB|range|2026-07-02T02:00Z,False
KXBNB-26JUL0122-B722,KXBNB-26JUL0122,2026-07-02T01:00:17Z,2026-07-02T02:00:00Z,BNB,range,proxy_below_range_not_label,no,1,1.0,1.0,0.5156621967,-0.4843378033,-0.4843378033,0.0,estimated_fee_from_executable_price,BNB|range|2026-07-02T02:00Z,False
KXBNB-26JUL0122-B727,KXBNB-26JUL0122,2026-07-02T01:00:17Z,2026-07-02T02:00:00Z,BNB,range,proxy_below_range_not_label,no,1,1.0,1.0,0.5156621967,-0.4843378033,-0.4843378033,0.0,estimated_fee_from_executable_price,BNB|range|2026-07-02T02:00Z,False
KXBNB-26JUL0122-T729.99,KXBNB-26JUL0122,2026-07-02T01:00:17Z,2026-07-02T02:00:00Z,BNB,above,proxy_below_floor_not_label,no,1,1.0,1.0,0.5156621967,-0.4843378033,-0.4843378033,0.0,estimated_fee_from_executable_price,BNB|above|2026-07-02T02:00Z,False
KXBNB15M-26JUL012115-15,KXBNB15M-26JUL012115,2026-07-02T01:00:17Z,2026-07-02T01:15:00Z,BNB,fifteen_minute_up_down,proxy_above_floor_not_label,yes,1,0.57,0.5872,0.5156621967,-0.0715378033,-0.0715378033,0.4128,estimated_fee_from_executable_price,BNB|fifteen_minute_up_down|2026-07-02T01:15Z,False
KXBNBD-26JUL0122-T359.99,KXBNBD-26JUL0122,2026-07-02T01:00:17Z,2026-07-02T02:00:00Z,BNB,above,proxy_above_floor_not_label,yes,1,1.0,1.0,0.5156621967,-0.4843378033,-0.4843378033,0.0,estimated_fee_from_executable_price,BNB|above|2026-07-02T02:00Z,False
KXBNBD-26JUL0122-T364.99,KXBNBD-26JUL0122,2026-07-02T01:00:17Z,2026-07-02T02:00:00Z,BNB,above,proxy_above_floor_not_label,yes,1,1.0,1.0,0.5156621967,-0.4843378033,-0.4843378033,0.0,estimated_fee_from_executable_price,BNB|above|2026-07-02T02:00Z,False
KXBNBD-26JUL0122-T369.99,KXBNBD-26JUL0122,2026-07-02T01:00:17Z,2026-07-02T02:00:00Z,BNB,above,proxy_above_floor_not_label,yes,1,1.0,1.0,0.5156621967,-0.4843378033,-0.4843378033,0.0,estimated_fee_from_executable_price,BNB|above|2026-07-02T02:00Z,False
KXBNBD-26JUL0122-T374.99,KXBNBD-26JUL0122,2026-07-02T01:00:17Z,2026-07-02T02:00:00Z,BNB,above,proxy_above_floor_not_label,yes,1,1.0,1.0,0.5156621967,-0.4843378033,-0.4843378033,0.0,estimated_fee_from_executable_price,BNB|above|2026-07-02T02:00Z,False
KXBNBD-26JUL0122-T379.99,KXBNBD-26JUL0122,2026-07-02T01:00:17Z,2026-07-02T02:00:00Z,BNB,above,proxy_above_floor_not_label,yes,1,1.0,1.0,0.5156621967,-0.4843378033,-0.4843378033,0.0,estimated_fee_from_executable_price,BNB|above|2026-07-02T02:00Z,False
KXBNBD-26JUL0122-T384.99,KXBNBD-26JUL0122,2026-07-02T01:00:17Z,2026-07-02T02:00:00Z,BNB,above,proxy_above_floor_not_label,yes,1,1.0,1.0,0.5156621967,-0.4843378033,-0.4843378033,0.0,estimated_fee_from_executable_price,BNB|above|2026-07-02T02:00Z,False
KXBNBD-26JUL0122-T389.99,KXBNBD-26JUL0122,2026-07-02T01:00:17Z,2026-07-02T02:00:00Z,BNB,above,proxy_above_floor_not_label,yes,1,1.0,1.0,0.5156621967,-0.4843378033,-0.4843378033,0.0,estimated_fee_from_executable_price,BNB|above|2026-07-02T02:00Z,False
KXBNBD-26JUL0122-T394.99,KXBNBD-26JUL0122,2026-07-02T01:00:17Z,2026-07-02T02:00:00Z,BNB,above,proxy_above_floor_not_label,yes,1,1.0,1.0,0.5156621967,-0.4843378033,-0.4843378033,0.0,estimated_fee_from_executable_price,BNB|above|2026-07-02T02:00Z,False
KXBNBD-26JUL0122-T399.99,KXBNBD-26JUL0122,2026-07-02T01:00:17Z,2026-07-02T02:00:00Z,BNB,above,proxy_above_floor_not_label,yes,1,1.0,1.0,0.5156621967,-0.4843378033,-0.4843378033,0.0,estimated_fee_from_executable_price,BNB|above|2026-07-02T02:00Z,False
KXBNBD-26JUL0122-T404.99,KXBNBD-26JUL0122,2026-07-02T01:00:17Z,2026-07-02T02:00:00Z,BNB,above,proxy_above_floor_not_label,yes,1,1.0,1.0,0.5156621967,-0.4843378033,-0.4843378033,0.0,estimated_fee_from_executable_price,BNB|above|2026-07-02T02:00Z,False
KXBNBD-26JUL0122-T409.99,KXBNBD-26JUL0122,2026-07-02T01:00:17Z,2026-07-02T02:00:00Z,BNB,above,proxy_above_floor_not_label,yes,1,1.0,1.0,0.5156621967,-0.4843378033,-0.4843378033,0.0,estimated_fee_from_executable_price,BNB|above|2026-07-02T02:00Z,False
KXBNBD-26JUL0122-T414.99,KXBNBD-26JUL0122,2026-07-02T01:00:17Z,2026-07-02T02:00:00Z,BNB,above,proxy_above_floor_not_label,yes,1,1.0,1.0,0.5156621967,-0.4843378033,-0.4843378033,0.0,estimated_fee_from_executable_price,BNB|above|2026-07-02T02:00Z,False
KXBNBD-26JUL0122-T419.99,KXBNBD-26JUL0122,2026-07-02T01:00:17Z,2026-07-02T02:00:00Z,BNB,above,proxy_above_floor_not_label,yes,1,1.0,1.0,0.5156621967,-0.4843378033,-0.4843378033,0.0,estimated_fee_from_executable_price,BNB|above|2026-07-02T02:00Z,False
KXBNBD-26JUL0122-T424.99,KXBNBD-26JUL0122,2026-07-02T01:00:17Z,2026-07-02T02:00:00Z,BNB,above,proxy_above_floor_not_label,yes,1,1.0,1.0,0.5156621967,-0.4843378033,-0.4843378033,0.0,estimated_fee_from_executable_price,BNB|above|2026-07-02T02:00Z,False
KXBNBD-26JUL0122-T429.99,KXBNBD-26JUL0122,2026-07-02T01:00:17Z,2026-07-02T02:00:00Z,BNB,above,proxy_above_floor_not_label,yes,1,1.0,1.0,0.5156621967,-0.4843378033,-0.4843378033,0.0,estimated_fee_from_executable_price,BNB|above|2026-07-02T02:00Z,False
KXBNBD-26JUL0122-T434.99,KXBNBD-26JUL0122,2026-07-02T01:00:17Z,2026-07-02T02:00:00Z,BNB,above,proxy_above_floor_not_label,yes,1,0.0,0.0,0.5156621967,0.5156621967,0.5156621967,1.0,estimated_fee_from_executable_price,BNB|above|2026-07-02T02:00Z,False
KXBNBD-26JUL0122-T439.99,KXBNBD-26JUL0122,2026-07-02T01:00:17Z,2026-07-02T02:00:00Z,BNB,above,proxy_above_floor_not_label,yes,1,1.0,1.0,0.5156621967,-0.4843378033,-0.4843378033,0.0,estimated_fee_from_executable_price,BNB|above|2026-07-02T02:00Z,False
KXBNBD-26JUL0122-T444.99,KXBNBD-26JUL0122,2026-07-02T01:00:17Z,2026-07-02T02:00:00Z,BNB,above,proxy_above_floor_not_label,yes,1,1.0,1.0,0.5156621967,-0.4843378033,-0.4843378033,0.0,estimated_fee_from_executable_price,BNB|above|2026-07-02T02:00Z,False
KXBNBD-26JUL0122-T449.99,KXBNBD-26JUL0122,2026-07-02T01:00:17Z,2026-07-02T02:00:00Z,BNB,above,proxy_above_floor_not_label,yes,1,0.0,0.0,0.5156621967,0.5156621967,0.5156621967,1.0,estimated_fee_from_executable_price,BNB|above|2026-07-02T02:00Z,False
KXBNBD-26JUL0122-T454.99,KXBNBD-26JUL0122,2026-07-02T01:00:17Z,2026-07-02T02:00:00Z,BNB,above,proxy_above_floor_not_label,yes,1,0.0,0.0,0.5156621967,0.5156621967,0.5156621967,1.0,estimated_fee_from_executable_price,BNB|above|2026-07-02T02:00Z,False
KXBNBD-26JUL0122-T459.99,KXBNBD-26JUL0122,2026-07-02T01:00:17Z,2026-07-02T02:00:00Z,BNB,above,proxy_above_floor_not_label,yes,1,0.0,0.0,0.5156621967,0.5156621967,0.5156621967,1.0,estimated_fee_from_executable_price,BNB|above|2026-07-02T02:00Z,False
KXBNBD-26JUL0122-T464.99,KXBNBD-26JUL0122,2026-07-02T01:00:17Z,2026-07-02T02:00:00Z,BNB,above,proxy_above_floor_not_label,yes,1,0.0,0.0,0.5156621967,0.5156621967,0.5156621967,1.0,estimated_fee_from_executable_price,BNB|above|2026-07-02T02:00Z,False
KXBNBD-26JUL0122-T469.99,KXBNBD-26JUL0122,2026-07-02T01:00:17Z,2026-07-02T02:00:00Z,BNB,above,proxy_above_floor_not_label,yes,1,0.0,0.0,0.5156621967,0.5156621967,0.5156621967,1.0,estimated_fee_from_executable_price,BNB|above|2026-07-02T02:00Z,False
KXBNBD-26JUL0122-T474.99,KXBNBD-26JUL0122,2026-07-02T01:00:17Z,2026-07-02T02:00:00Z,BNB,above,proxy_above_floor_not_label,yes,1,0.0,0.0,0.5156621967,0.5156621967,0.5156621967,1.0,estimated_fee_from_executable_price,BNB|above|2026-07-02T02:00Z,False
KXBNBD-26JUL0122-T479.99,KXBNBD-26JUL0122,2026-07-02T01:00:17Z,2026-07-02T02:00:00Z,BNB,above,proxy_above_floor_not_label,yes,1,0.0,0.0,0.5156621967,0.5156621967,0.5156621967,1.0,estimated_fee_from_executable_price,BNB|above|2026-07-02T02:00Z,False
KXBNBD-26JUL0122-T484.99,KXBNBD-26JUL0122,2026-07-02T01:00:17Z,2026-07-02T02:00:00Z,BNB,above,proxy_above_floor_not_label,yes,1,0.0,0.0,0.5156621967,0.5156621967,0.5156621967,1.0,estimated_fee_from_executable_price,BNB|above|2026-07-02T02:00Z,False
KXBNBD-26JUL0122-T489.99,KXBNBD-26JUL0122,2026-07-02T01:00:17Z,2026-07-02T02:00:00Z,BNB,above,proxy_above_floor_not_label,yes,1,0.0,0.0,0.5156621967,0.5156621967,0.5156621967,1.0,estimated_fee_from_executable_price,BNB|above|2026-07-02T02:00Z,False
KXBNBD-26JUL0122-T494.99,KXBNBD-26JUL0122,2026-07-02T01:00:17Z,2026-07-02T02:00:00Z,BNB,above,proxy_above_floor_not_label,yes,1,0.0,0.0,0.5156621967,0.5156621967,0.5156621967,1.0,estimated_fee_from_executable_price,BNB|above|2026-07-02T02:00Z,False
KXBNBD-26JUL0122-T499.99,KXBNBD-26JUL0122,2026-07-02T01:00:17Z,2026-07-02T02:00:00Z,BNB,above,proxy_above_floor_not_label,yes,1,0.0,0.0,0.5156621967,0.5156621967,0.5156621967,1.0,estimated_fee_from_executable_price,BNB|above|2026-07-02T02:00Z,False
KXBNBD-26JUL0122-T504.99,KXBNBD-26JUL0122,2026-07-02T01:00:17Z,2026-07-02T02:00:00Z,BNB,above,proxy_above_floor_not_label,yes,1,0.0,0.0,0.5156621967,0.5156621967,0.5156621967,1.0,estimated_fee_from_executable_price,BNB|above|2026-07-02T02:00Z,False
KXBNBD-26JUL0122-T509.99,KXBNBD-26JUL0122,2026-07-02T01:00:17Z,2026-07-02T02:00:00Z,BNB,above,proxy_above_floor_not_label,yes,1,0.0,0.0,0.5156621967,0.5156621967,0.5156621967,1.0,estimated_fee_from_executable_price,BNB|above|2026-07-02T02:00Z,False
KXBNBD-26JUL0122-T514.99,KXBNBD-26JUL0122,2026-07-02T01:00:17Z,2026-07-02T02:00:00Z,BNB,above,proxy_above_floor_not_label,yes,1,0.0,0.0,0.5156621967,0.5156621967,0.5156621967,1.0,estimated_fee_from_executable_price,BNB|above|2026-07-02T02:00Z,False
KXBNBD-26JUL0122-T519.99,KXBNBD-26JUL0122,2026-07-02T01:00:17Z,2026-07-02T02:00:00Z,BNB,above,proxy_above_floor_not_label,yes,1,0.0,0.0,0.5156621967,0.5156621967,0.5156621967,1.0,estimated_fee_from_executable_price,BNB|above|2026-07-02T02:00Z,False
KXBNBD-26JUL0122-T524.99,KXBNBD-26JUL0122,2026-07-02T01:00:17Z,2026-07-02T02:00:00Z,BNB,above,proxy_above_floor_not_label,yes,1,0.0,0.0,0.5156621967,0.5156621967,0.5156621967,1.0,estimated_fee_from_executable_price,BNB|above|2026-07-02T02:00Z,False
KXBNBD-26JUL0122-T529.99,KXBNBD-26JUL0122,2026-07-02T01:00:17Z,2026-07-02T02:00:00Z,BNB,above,proxy_above_floor_not_label,yes,1,0.0,0.0,0.5156621967,0.5156621967,0.5156621967,1.0,estimated_fee_from_executable_price,BNB|above|2026-07-02T02:00Z,False
KXBNBD-26JUL0122-T534.99,KXBNBD-26JUL0122,2026-07-02T01:00:17Z,2026-07-02T02:00:00Z,BNB,above,proxy_above_floor_not_label,yes,1,0.0,0.0,0.5156621967,0.5156621967,0.5156621967,1.0,estimated_fee_from_executable_price,BNB|above|2026-07-02T02:00Z,False
KXBNBD-26JUL0122-T539.99,KXBNBD-26JUL0122,2026-07-02T01:00:17Z,2026-07-02T02:00:00Z,BNB,above,proxy_above_floor_not_label,yes,1,0.0,0.0,0.5156621967,0.5156621967,0.5156621967,1.0,estimated_fee_from_executable_price,BNB|above|2026-07-02T02:00Z,False
KXBNBD-26JUL0122-T544.99,KXBNBD-26JUL0122,2026-07-02T01:00:17Z,2026-07-02T02:00:00Z,BNB,above,proxy_above_floor_not_label,yes,1,0.0,0.0,0.5156621967,0.5156621967,0.5156621967,1.0,estimated_fee_from_executable_price,BNB|above|2026-07-02T02:00Z,False
KXBNBD-26JUL0122-T549.99,KXBNBD-26JUL0122,2026-07-02T01:00:17Z,2026-07-02T02:00:00Z,BNB,above,proxy_below_floor_not_label,no,1,1.0,1.0,0.5156621967,-0.4843378033,-0.4843378033,0.0,estimated_fee_from_executable_price,BNB|above|2026-07-02T02:00Z,False
KXBNBD-26JUL0122-T554.99,KXBNBD-26JUL0122,2026-07-02T01:00:17Z,2026-07-02T02:00:00Z,BNB,above,proxy_below_floor_not_label,no,1,1.0,1.0,0.5156621967,-0.4843378033,-0.4843378033,0.0,estimated_fee_from_executable_price,BNB|above|2026-07-02T02:00Z,False
KXBNBD-26JUL0122-T559.99,KXBNBD-26JUL0122,2026-07-02T01:00:17Z,2026-07-02T02:00:00Z,BNB,above,proxy_below_floor_not_label,no,1,1.0,1.0,0.5156621967,-0.4843378033,-0.4843378033,0.0,estimated_fee_from_executable_price,BNB|above|2026-07-02T02:00Z,False
KXBNBD-26JUL0122-T564.99,KXBNBD-26JUL0122,2026-07-02T01:00:17Z,2026-07-02T02:00:00Z,BNB,above,proxy_below_floor_not_label,no,1,1.0,1.0,0.5156621967,-0.4843378033,-0.4843378033,0.0,estimated_fee_from_executable_price,BNB|above|2026-07-02T02:00Z,False
KXBNBD-26JUL0122-T569.99,KXBNBD-26JUL0122,2026-07-02T01:00:17Z,2026-07-02T02:00:00Z,BNB,above,proxy_below_floor_not_label,no,1,1.0,1.0,0.5156621967,-0.4843378033,-0.4843378033,0.0,estimated_fee_from_executable_price,BNB|above|2026-07-02T02:00Z,False
KXBNBD-26JUL0122-T574.99,KXBNBD-26JUL0122,2026-07-02T01:00:17Z,2026-07-02T02:00:00Z,BNB,above,proxy_below_floor_not_label,no,1,1.0,1.0,0.5156621967,-0.4843378033,-0.4843378033,0.0,estimated_fee_from_executable_price,BNB|above|2026-07-02T02:00Z,False
KXBNBD-26JUL0122-T579.99,KXBNBD-26JUL0122,2026-07-02T01:00:17Z,2026-07-02T02:00:00Z,BNB,above,proxy_below_floor_not_label,no,1,1.0,1.0,0.5156621967,-0.4843378033,-0.4843378033,0.0,estimated_fee_from_executable_price,BNB|above|2026-07-02T02:00Z,False
KXBNBD-26JUL0122-T584.99,KXBNBD-26JUL0122,2026-07-02T01:00:17Z,2026-07-02T02:00:00Z,BNB,above,proxy_below_floor_not_label,no,1,1.0,1.0,0.5156621967,-0.4843378033,-0.4843378033,0.0,estimated_fee_from_executable_price,BNB|above|2026-07-02T02:00Z,False
KXBNBD-26JUL0122-T589.99,KXBNBD-26JUL0122,2026-07-02T01:00:17Z,2026-07-02T02:00:00Z,BNB,above,proxy_below_floor_not_label,no,1,1.0,1.0,0.5156621967,-0.4843378033,-0.4843378033,0.0,estimated_fee_from_executable_price,BNB|above|2026-07-02T02:00Z,False
KXBNBD-26JUL0122-T594.99,KXBNBD-26JUL0122,2026-07-02T01:00:17Z,2026-07-02T02:00:00Z,BNB,above,proxy_below_floor_not_label,no,1,1.0,1.0,0.5156621967,-0.4843378033,-0.4843378033,0.0,estimated_fee_from_executable_price,BNB|above|2026-07-02T02:00Z,False
KXBNBD-26JUL0122-T599.99,KXBNBD-26JUL0122,2026-07-02T01:00:17Z,2026-07-02T02:00:00Z,BNB,above,proxy_below_floor_not_label,no,1,1.0,1.0,0.5156621967,-0.4843378033,-0.4843378033,0.0,estimated_fee_from_executable_price,BNB|above|2026-07-02T02:00Z,False
KXBNBD-26JUL0122-T604.99,KXBNBD-26JUL0122,2026-07-02T01:00:17Z,2026-07-02T02:00:00Z,BNB,above,proxy_below_floor_not_label,no,1,1.0,1.0,0.5156621967,-0.4843378033,-0.4843378033,0.0,estimated_fee_from_executable_price,BNB|above|2026-07-02T02:00Z,False
KXBNBD-26JUL0122-T609.99,KXBNBD-26JUL0122,2026-07-02T01:00:17Z,2026-07-02T02:00:00Z,BNB,above,proxy_below_floor_not_label,no,1,1.0,1.0,0.5156621967,-0.4843378033,-0.4843378033,0.0,estimated_fee_from_executable_price,BNB|above|2026-07-02T02:00Z,False
KXBNBD-26JUL0122-T614.99,KXBNBD-26JUL0122,2026-07-02T01:00:17Z,2026-07-02T02:00:00Z,BNB,above,proxy_below_floor_not_label,no,1,1.0,1.0,0.5156621967,-0.4843378033,-0.4843378033,0.0,estimated_fee_from_executable_price,BNB|above|2026-07-02T02:00Z,False
KXBNBD-26JUL0122-T619.99,KXBNBD-26JUL0122,2026-07-02T01:00:17Z,2026-07-02T02:00:00Z,BNB,above,proxy_below_floor_not_label,no,1,1.0,1.0,0.5156621967,-0.4843378033,-0.4843378033,0.0,estimated_fee_from_executable_price,BNB|above|2026-07-02T02:00Z,False
KXBNBD-26JUL0122-T624.99,KXBNBD-26JUL0122,2026-07-02T01:00:17Z,2026-07-02T02:00:00Z,BNB,above,proxy_below_floor_not_label,no,1,1.0,1.0,0.5156621967,-0.4843378033,-0.4843378033,0.0,estimated_fee_from_executable_price,BNB|above|2026-07-02T02:00Z,False
KXBNBD-26JUL0122-T629.99,KXBNBD-26JUL0122,2026-07-02T01:00:17Z,2026-07-02T02:00:00Z,BNB,above,proxy_below_floor_not_label,no,1,1.0,1.0,0.5156621967,-0.4843378033,-0.4843378033,0.0,estimated_fee_from_executable_price,BNB|above|2026-07-02T02:00Z,False
KXBNBD-26JUL0122-T634.99,KXBNBD-26JUL0122,2026-07-02T01:00:17Z,2026-07-02T02:00:00Z,BNB,above,proxy_below_floor_not_label,no,1,1.0,1.0,0.5156621967,-0.4843378033,-0.4843378033,0.0,estimated_fee_from_executable_price,BNB|above|2026-07-02T02:00Z,False
KXBNBD-26JUL0122-T639.99,KXBNBD-26JUL0122,2026-07-02T01:00:17Z,2026-07-02T02:00:00Z,BNB,above,proxy_below_floor_not_label,no,1,1.0,1.0,0.5156621967,-0.4843378033,-0.4843378033,0.0,estimated_fee_from_executable_price,BNB|above|2026-07-02T02:00Z,False
KXBNBD-26JUL0122-T644.99,KXBNBD-26JUL0122,2026-07-02T01:00:17Z,2026-07-02T02:00:00Z,BNB,above,proxy_below_floor_not_label,no,1,1.0,1.0,0.5156621967,-0.4843378033,-0.4843378033,0.0,estimated_fee_from_executable_price,BNB|above|2026-07-02T02:00Z,False
KXBNBD-26JUL0122-T649.99,KXBNBD-26JUL0122,2026-07-02T01:00:17Z,2026-07-02T02:00:00Z,BNB,above,proxy_below_floor_not_label,no,1,1.0,1.0,0.5156621967,-0.4843378033,-0.4843378033,0.0,estimated_fee_from_executable_price,BNB|above|2026-07-02T02:00Z,False
KXBNBD-26JUL0122-T654.99,KXBNBD-26JUL0122,2026-07-02T01:00:17Z,2026-07-02T02:00:00Z,BNB,above,proxy_below_floor_not_label,no,1,1.0,1.0,0.5156621967,-0.4843378033,-0.4843378033,0.0,estimated_fee_from_executable_price,BNB|above|2026-07-02T02:00Z,False
KXBNBD-26JUL0122-T659.99,KXBNBD-26JUL0122,2026-07-02T01:00:17Z,2026-07-02T02:00:00Z,BNB,above,proxy_below_floor_not_label,no,1,1.0,1.0,0.5156621967,-0.4843378033,-0.4843378033,0.0,estimated_fee_from_executable_price,BNB|above|2026-07-02T02:00Z,False
KXBNBD-26JUL0122-T664.99,KXBNBD-26JUL0122,2026-07-02T01:00:17Z,2026-07-02T02:00:00Z,BNB,above,proxy_below_floor_not_label,no,1,1.0,1.0,0.5156621967,-0.4843378033,-0.4843378033,0.0,estimated_fee_from_executable_price,BNB|above|2026-07-02T02:00Z,False
KXBNBD-26JUL0122-T669.99,KXBNBD-26JUL0122,2026-07-02T01:00:17Z,2026-07-02T02:00:00Z,BNB,above,proxy_below_floor_not_label,no,1,1.0,1.0,0.5156621967,-0.4843378033,-0.4843378033,0.0,estimated_fee_from_executable_price,BNB|above|2026-07-02T02:00Z,False
KXBNBD-26JUL0122-T674.99,KXBNBD-26JUL0122,2026-07-02T01:00:17Z,2026-07-02T02:00:00Z,BNB,above,proxy_below_floor_not_label,no,1,1.0,1.0,0.5156621967,-0.4843378033,-0.4843378033,0.0,estimated_fee_from_executable_price,BNB|above|2026-07-02T02:00Z,False
KXBNBD-26JUL0122-T679.99,KXBNBD-26JUL0122,2026-07-02T01:00:17Z,2026-07-02T02:00:00Z,BNB,above,proxy_below_floor_not_label,no,1,1.0,1.0,0.5156621967,-0.4843378033,-0.4843378033,0.0,estimated_fee_from_executable_price,BNB|above|2026-07-02T02:00Z,False
KXBNBD-26JUL0122-T684.99,KXBNBD-26JUL0122,2026-07-02T01:00:17Z,2026-07-02T02:00:00Z,BNB,above,proxy_below_floor_not_label,no,1,1.0,1.0,0.5156621967,-0.4843378033,-0.4843378033,0.0,estimated_fee_from_executable_price,BNB|above|2026-07-02T02:00Z,False
KXBNBD-26JUL0122-T689.99,KXBNBD-26JUL0122,2026-07-02T01:00:17Z,2026-07-02T02:00:00Z,BNB,above,proxy_below_floor_not_label,no,1,1.0,1.0,0.5156621967,-0.4843378033,-0.4843378033,0.0,estimated_fee_from_executable_price,BNB|above|2026-07-02T02:00Z,False
KXBNBD-26JUL0122-T694.99,KXBNBD-26JUL0122,2026-07-02T01:00:17Z,2026-07-02T02:00:00Z,BNB,above,proxy_below_floor_not_label,no,1,1.0,1.0,0.5156621967,-0.4843378033,-0.4843378033,0.0,estimated_fee_from_executable_price,BNB|above|2026-07-02T02:00Z,False
KXBNBD-26JUL0122-T699.99,KXBNBD-26JUL0122,2026-07-02T01:00:17Z,2026-07-02T02:00:00Z,BNB,above,proxy_below_floor_not_label,no,1,1.0,1.0,0.5156621967,-0.4843378033,-0.4843378033,0.0,estimated_fee_from_executable_price,BNB|above|2026-07-02T02:00Z,False
KXBNBD-26JUL0122-T704.99,KXBNBD-26JUL0122,2026-07-02T01:00:17Z,2026-07-02T02:00:00Z,BNB,above,proxy_below_floor_not_label,no,1,1.0,1.0,0.5156621967,-0.4843378033,-0.4843378033,0.0,estimated_fee_from_executable_price,BNB|above|2026-07-02T02:00Z,False
KXBNBD-26JUL0122-T709.99,KXBNBD-26JUL0122,2026-07-02T01:00:17Z,2026-07-02T02:00:00Z,BNB,above,proxy_below_floor_not_label,no,1,1.0,1.0,0.5156621967,-0.4843378033,-0.4843378033,0.0,estimated_fee_from_executable_price,BNB|above|2026-07-02T02:00Z,False
KXBNBD-26JUL0122-T714.99,KXBNBD-26JUL0122,2026-07-02T01:00:17Z,2026-07-02T02:00:00Z,BNB,above,proxy_below_floor_not_label,no,1,1.0,1.0,0.5156621967,-0.4843378033,-0.4843378033,0.0,estimated_fee_from_executable_price,BNB|above|2026-07-02T02:00Z,False
KXBNBD-26JUL0122-T719.99,KXBNBD-26JUL0122,2026-07-02T01:00:17Z,2026-07-02T02:00:00Z,BNB,above,proxy_below_floor_not_label,no,1,1.0,1.0,0.5156621967,-0.4843378033,-0.4843378033,0.0,estimated_fee_from_executable_price,BNB|above|2026-07-02T02:00Z,False
KXBNBD-26JUL0122-T724.99,KXBNBD-26JUL0122,2026-07-02T01:00:17Z,2026-07-02T02:00:00Z,BNB,above,proxy_below_floor_not_label,no,1,1.0,1.0,0.5156621967,-0.4843378033,-0.4843378033,0.0,estimated_fee_from_executable_price,BNB|above|2026-07-02T02:00Z,False
KXBNBD-26JUL0122-T729.99,KXBNBD-26JUL0122,2026-07-02T01:00:17Z,2026-07-02T02:00:00Z,BNB,above,proxy_below_floor_not_label,no,1,1.0,1.0,0.5156621967,-0.4843378033,-0.4843378033,0.0,estimated_fee_from_executable_price,BNB|above|2026-07-02T02:00Z,False
KXBTC-26JUL0122-B49750,KXBTC-26JUL0122,2026-07-02T01:00:17Z,2026-07-02T02:00:00Z,BTC,range,proxy_above_range_not_label,yes,0,0.01,0.0107,0.5156621967,0.5049621967,0.5049621967,-0.0107,estimated_fee_from_executable_price,BTC|range|2026-07-02T02:00Z,False
KXBTC-26JUL0122-B49850,KXBTC-26JUL0122,2026-07-02T01:00:17Z,2026-07-02T02:00:00Z,BTC,range,proxy_above_range_not_label,yes,0,0.01,0.0107,0.5156621967,0.5049621967,0.5049621967,-0.0107,estimated_fee_from_executable_price,BTC|range|2026-07-02T02:00Z,False
KXBTC-26JUL0122-B49950,KXBTC-26JUL0122,2026-07-02T01:00:17Z,2026-07-02T02:00:00Z,BTC,range,proxy_above_range_not_label,yes,0,0.01,0.0107,0.5156621967,0.5049621967,0.5049621967,-0.0107,estimated_fee_from_executable_price,BTC|range|2026-07-02T02:00Z,False
KXBTC-26JUL0122-B50050,KXBTC-26JUL0122,2026-07-02T01:00:17Z,2026-07-02T02:00:00Z,BTC,range,proxy_above_range_not_label,yes,0,0.01,0.0107,0.5156621967,0.5049621967,0.5049621967,-0.0107,estimated_fee_from_executable_price,BTC|range|2026-07-02T02:00Z,False
KXBTC-26JUL0122-B50150,KXBTC-26JUL0122,2026-07-02T01:00:17Z,2026-07-02T02:00:00Z,BTC,range,proxy_above_range_not_label,yes,0,0.01,0.0107,0.5156621967,0.5049621967,0.5049621967,-0.0107,estimated_fee_from_executable_price,BTC|range|2026-07-02T02:00Z,False
KXBTC-26JUL0122-B50250,KXBTC-26JUL0122,2026-07-02T01:00:17Z,2026-07-02T02:00:00Z,BTC,range,proxy_above_range_not_label,yes,0,0.01,0.0107,0.5156621967,0.5049621967,0.5049621967,-0.0107,estimated_fee_from_executable_price,BTC|range|2026-07-02T02:00Z,False
KXBTC-26JUL0122-B50350,KXBTC-26JUL0122,2026-07-02T01:00:17Z,2026-07-02T02:00:00Z,BTC,range,proxy_above_range_not_label,yes,0,0.01,0.0107,0.5156621967,0.5049621967,0.5049621967,-0.0107,estimated_fee_from_executable_price,BTC|range|2026-07-02T02:00Z,False
KXBTC-26JUL0122-B50450,KXBTC-26JUL0122,2026-07-02T01:00:17Z,2026-07-02T02:00:00Z,BTC,range,proxy_above_range_not_label,yes,0,0.01,0.0107,0.5156621967,0.5049621967,0.5049621967,-0.0107,estimated_fee_from_executable_price,BTC|range|2026-07-02T02:00Z,False
KXBTC-26JUL0122-B50550,KXBTC-26JUL0122,2026-07-02T01:00:17Z,2026-07-02T02:00:00Z,BTC,range,proxy_above_range_not_label,yes,0,0.01,0.0107,0.5156621967,0.5049621967,0.5049621967,-0.0107,estimated_fee_from_executable_price,BTC|range|2026-07-02T02:00Z,False
KXBTC-26JUL0122-B50650,KXBTC-26JUL0122,2026-07-02T01:00:17Z,2026-07-02T02:00:00Z,BTC,range,proxy_above_range_not_label,yes,0,0.01,0.0107,0.5156621967,0.5049621967,0.5049621967,-0.0107,estimated_fee_from_executable_price,BTC|range|2026-07-02T02:00Z,False
KXBTC-26JUL0122-B50750,KXBTC-26JUL0122,2026-07-02T01:00:17Z,2026-07-02T02:00:00Z,BTC,range,proxy_above_range_not_label,yes,0,0.01,0.0107,0.5156621967,0.5049621967,0.5049621967,-0.0107,estimated_fee_from_executable_price,BTC|range|2026-07-02T02:00Z,False
KXBTC-26JUL0122-B50850,KXBTC-26JUL0122,2026-07-02T01:00:17Z,2026-07-02T02:00:00Z,BTC,range,proxy_above_range_not_label,yes,0,0.01,0.0107,0.5156621967,0.5049621967,0.5049621967,-0.0107,estimated_fee_from_executable_price,BTC|range|2026-07-02T02:00Z,False
KXBTC-26JUL0122-B50950,KXBTC-26JUL0122,2026-07-02T01:00:17Z,2026-07-02T02:00:00Z,BTC,range,proxy_above_range_not_label,yes,0,0.01,0.0107,0.5156621967,0.5049621967,0.5049621967,-0.0107,estimated_fee_from_executable_price,BTC|range|2026-07-02T02:00Z,False
KXBTC-26JUL0122-B51050,KXBTC-26JUL0122,2026-07-02T01:00:17Z,2026-07-02T02:00:00Z,BTC,range,proxy_above_range_not_label,yes,0,0.01,0.0107,0.5156621967,0.5049621967,0.5049621967,-0.0107,estimated_fee_from_executable_price,BTC|range|2026-07-02T02:00Z,False
KXBTC-26JUL0122-B51150,KXBTC-26JUL0122,2026-07-02T01:00:17Z,2026-07-02T02:00:00Z,BTC,range,proxy_above_range_not_label,yes,0,0.01,0.0107,0.5156621967,0.5049621967,0.5049621967,-0.0107,estimated_fee_from_executable_price,BTC|range|2026-07-02T02:00Z,False
KXBTC-26JUL0122-B51250,KXBTC-26JUL0122,2026-07-02T01:00:17Z,2026-07-02T02:00:00Z,BTC,range,proxy_above_range_not_label,yes,0,0.01,0.0107,0.5156621967,0.5049621967,0.5049621967,-0.0107,estimated_fee_from_executable_price,BTC|range|2026-07-02T02:00Z,False
KXBTC-26JUL0122-B51350,KXBTC-26JUL0122,2026-07-02T01:00:17Z,2026-07-02T02:00:00Z,BTC,range,proxy_above_range_not_label,yes,0,0.01,0.0107,0.5156621967,0.5049621967,0.5049621967,-0.0107,estimated_fee_from_executable_price,BTC|range|2026-07-02T02:00Z,False
KXBTC-26JUL0122-B51450,KXBTC-26JUL0122,2026-07-02T01:00:17Z,2026-07-02T02:00:00Z,BTC,range,proxy_above_range_not_label,yes,0,0.01,0.0107,0.5156621967,0.5049621967,0.5049621967,-0.0107,estimated_fee_from_executable_price,BTC|range|2026-07-02T02:00Z,False
KXBTC-26JUL0122-B51550,KXBTC-26JUL0122,2026-07-02T01:00:17Z,2026-07-02T02:00:00Z,BTC,range,proxy_above_range_not_label,yes,0,0.01,0.0107,0.5156621967,0.5049621967,0.5049621967,-0.0107,estimated_fee_from_executable_price,BTC|range|2026-07-02T02:00Z,False
KXBTC-26JUL0122-B51650,KXBTC-26JUL0122,2026-07-02T01:00:17Z,2026-07-02T02:00:00Z,BTC,range,proxy_above_range_not_label,yes,0,0.01,0.0107,0.5156621967,0.5049621967,0.5049621967,-0.0107,estimated_fee_from_executable_price,BTC|range|2026-07-02T02:00Z,False
KXBTC-26JUL0122-B51750,KXBTC-26JUL0122,2026-07-02T01:00:17Z,2026-07-02T02:00:00Z,BTC,range,proxy_above_range_not_label,yes,0,0.01,0.0107,0.5156621967,0.5049621967,0.5049621967,-0.0107,estimated_fee_from_executable_price,BTC|range|2026-07-02T02:00Z,False
KXBTC-26JUL0122-B51850,KXBTC-26JUL0122,2026-07-02T01:00:17Z,2026-07-02T02:00:00Z,BTC,range,proxy_above_range_not_label,yes,0,0.01,0.0107,0.5156621967,0.5049621967,0.5049621967,-0.0107,estimated_fee_from_executable_price,BTC|range|2026-07-02T02:00Z,False
KXBTC-26JUL0122-B51950,KXBTC-26JUL0122,2026-07-02T01:00:17Z,2026-07-02T02:00:00Z,BTC,range,proxy_above_range_not_label,yes,0,0.01,0.0107,0.5156621967,0.5049621967,0.5049621967,-0.0107,estimated_fee_from_executable_price,BTC|range|2026-07-02T02:00Z,False
KXBTC-26JUL0122-B52050,KXBTC-26JUL0122,2026-07-02T01:00:17Z,2026-07-02T02:00:00Z,BTC,range,proxy_above_range_not_label,yes,0,0.01,0.0107,0.5156621967,0.5049621967,0.5049621967,-0.0107,estimated_fee_from_executable_price,BTC|range|2026-07-02T02:00Z,False
KXBTC-26JUL0122-B52150,KXBTC-26JUL0122,2026-07-02T01:00:17Z,2026-07-02T02:00:00Z,BTC,range,proxy_above_range_not_label,yes,0,0.01,0.0107,0.5156621967,0.5049621967,0.5049621967,-0.0107,estimated_fee_from_executable_price,BTC|range|2026-07-02T02:00Z,False
KXBTC-26JUL0122-B52250,KXBTC-26JUL0122,2026-07-02T01:00:17Z,2026-07-02T02:00:00Z,BTC,range,proxy_above_range_not_label,yes,0,0.01,0.0107,0.5156621967,0.5049621967,0.5049621967,-0.0107,estimated_fee_from_executable_price,BTC|range|2026-07-02T02:00Z,False
KXBTC-26JUL0122-B52350,KXBTC-26JUL0122,2026-07-02T01:00:17Z,2026-07-02T02:00:00Z,BTC,range,proxy_above_range_not_label,yes,0,0.01,0.0107,0.5156621967,0.5049621967,0.5049621967,-0.0107,estimated_fee_from_executable_price,BTC|range|2026-07-02T02:00Z,False
KXBTC-26JUL0122-B52450,KXBTC-26JUL0122,2026-07-02T01:00:17Z,2026-07-02T02:00:00Z,BTC,range,proxy_above_range_not_label,yes,0,0.01,0.0107,0.5156621967,0.5049621967,0.5049621967,-0.0107,estimated_fee_from_executable_price,BTC|range|2026-07-02T02:00Z,False
KXBTC-26JUL0122-B52550,KXBTC-26JUL0122,2026-07-02T01:00:17Z,2026-07-02T02:00:00Z,BTC,range,proxy_above_range_not_label,yes,0,0.01,0.0107,0.5156621967,0.5049621967,0.5049621967,-0.0107,estimated_fee_from_executable_price,BTC|range|2026-07-02T02:00Z,False
KXBTC-26JUL0122-B52650,KXBTC-26JUL0122,2026-07-02T01:00:17Z,2026-07-02T02:00:00Z,BTC,range,proxy_above_range_not_label,yes,0,0.01,0.0107,0.5156621967,0.5049621967,0.5049621967,-0.0107,estimated_fee_from_executable_price,BTC|range|2026-07-02T02:00Z,False
KXBTC-26JUL0122-B52750,KXBTC-26JUL0122,2026-07-02T01:00:17Z,2026-07-02T02:00:00Z,BTC,range,proxy_above_range_not_label,yes,0,0.01,0.0107,0.5156621967,0.5049621967,0.5049621967,-0.0107,estimated_fee_from_executable_price,BTC|range|2026-07-02T02:00Z,False
KXBTC-26JUL0122-B52850,KXBTC-26JUL0122,2026-07-02T01:00:17Z,2026-07-02T02:00:00Z,BTC,range,proxy_above_range_not_label,yes,0,0.01,0.0107,0.5156621967,0.5049621967,0.5049621967,-0.0107,estimated_fee_from_executable_price,BTC|range|2026-07-02T02:00Z,False
KXBTC-26JUL0122-B52950,KXBTC-26JUL0122,2026-07-02T01:00:17Z,2026-07-02T02:00:00Z,BTC,range,proxy_above_range_not_label,yes,0,0.01,0.0107,0.5156621967,0.5049621967,0.5049621967,-0.0107,estimated_fee_from_executable_price,BTC|range|2026-07-02T02:00Z,False
KXBTC-26JUL0122-B53050,KXBTC-26JUL0122,2026-07-02T01:00:17Z,2026-07-02T02:00:00Z,BTC,range,proxy_above_range_not_label,yes,0,0.01,0.0107,0.5156621967,0.5049621967,0.5049621967,-0.0107,estimated_fee_from_executable_price,BTC|range|2026-07-02T02:00Z,False
KXBTC-26JUL0122-B53150,KXBTC-26JUL0122,2026-07-02T01:00:17Z,2026-07-02T02:00:00Z,BTC,range,proxy_above_range_not_label,yes,0,0.01,0.0107,0.5156621967,0.5049621967,0.5049621967,-0.0107,estimated_fee_from_executable_price,BTC|range|2026-07-02T02:00Z,False
KXBTC-26JUL0122-B53250,KXBTC-26JUL0122,2026-07-02T01:00:17Z,2026-07-02T02:00:00Z,BTC,range,proxy_above_range_not_label,yes,0,0.01,0.0107,0.5156621967,0.5049621967,0.5049621967,-0.0107,estimated_fee_from_executable_price,BTC|range|2026-07-02T02:00Z,False
KXBTC-26JUL0122-B53350,KXBTC-26JUL0122,2026-07-02T01:00:17Z,2026-07-02T02:00:00Z,BTC,range,proxy_above_range_not_label,yes,0,0.01,0.0107,0.5156621967,0.5049621967,0.5049621967,-0.0107,estimated_fee_from_executable_price,BTC|range|2026-07-02T02:00Z,False
KXBTC-26JUL0122-B53450,KXBTC-26JUL0122,2026-07-02T01:00:17Z,2026-07-02T02:00:00Z,BTC,range,proxy_above_range_not_label,yes,0,0.01,0.0107,0.5156621967,0.5049621967,0.5049621967,-0.0107,estimated_fee_from_executable_price,BTC|range|2026-07-02T02:00Z,False
KXBTC-26JUL0122-B53550,KXBTC-26JUL0122,2026-07-02T01:00:17Z,2026-07-02T02:00:00Z,BTC,range,proxy_above_range_not_label,yes,0,0.01,0.0107,0.5156621967,0.5049621967,0.5049621967,-0.0107,estimated_fee_from_executable_price,BTC|range|2026-07-02T02:00Z,False
KXBTC-26JUL0122-B53650,KXBTC-26JUL0122,2026-07-02T01:00:17Z,2026-07-02T02:00:00Z,BTC,range,proxy_above_range_not_label,yes,0,0.01,0.0107,0.5156621967,0.5049621967,0.5049621967,-0.0107,estimated_fee_from_executable_price,BTC|range|2026-07-02T02:00Z,False
KXBTC-26JUL0122-B53750,KXBTC-26JUL0122,2026-07-02T01:00:17Z,2026-07-02T02:00:00Z,BTC,range,proxy_above_range_not_label,yes,0,0.01,0.0107,0.5156621967,0.5049621967,0.5049621967,-0.0107,estimated_fee_from_executable_price,BTC|range|2026-07-02T02:00Z,False
KXBTC-26JUL0122-B53850,KXBTC-26JUL0122,2026-07-02T01:00:17Z,2026-07-02T02:00:00Z,BTC,range,proxy_above_range_not_label,yes,0,0.01,0.0107,0.5156621967,0.5049621967,0.5049621967,-0.0107,estimated_fee_from_executable_price,BTC|range|2026-07-02T02:00Z,False
KXBTC-26JUL0122-B53950,KXBTC-26JUL0122,2026-07-02T01:00:17Z,2026-07-02T02:00:00Z,BTC,range,proxy_above_range_not_label,yes,0,0.01,0.0107,0.5156621967,0.5049621967,0.5049621967,-0.0107,estimated_fee_from_executable_price,BTC|range|2026-07-02T02:00Z,False
KXBTC-26JUL0122-B54050,KXBTC-26JUL0122,2026-07-02T01:00:17Z,2026-07-02T02:00:00Z,BTC,range,proxy_above_range_not_label,yes,0,0.01,0.0107,0.5156621967,0.5049621967,0.5049621967,-0.0107,estimated_fee_from_executable_price,BTC|range|2026-07-02T02:00Z,False
KXBTC-26JUL0122-B54150,KXBTC-26JUL0122,2026-07-02T01:00:17Z,2026-07-02T02:00:00Z,BTC,range,proxy_above_range_not_label,yes,0,0.01,0.0107,0.5156621967,0.5049621967,0.5049621967,-0.0107,estimated_fee_from_executable_price,BTC|range|2026-07-02T02:00Z,False
KXBTC-26JUL0122-B54250,KXBTC-26JUL0122,2026-07-02T01:00:17Z,2026-07-02T02:00:00Z,BTC,range,proxy_above_range_not_label,yes,0,0.01,0.0107,0.5156621967,0.5049621967,0.5049621967,-0.0107,estimated_fee_from_executable_price,BTC|range|2026-07-02T02:00Z,False
KXBTC-26JUL0122-B54350,KXBTC-26JUL0122,2026-07-02T01:00:17Z,2026-07-02T02:00:00Z,BTC,range,proxy_above_range_not_label,yes,0,0.01,0.0107,0.5156621967,0.5049621967,0.5049621967,-0.0107,estimated_fee_from_executable_price,BTC|range|2026-07-02T02:00Z,False
KXBTC-26JUL0122-B54450,KXBTC-26JUL0122,2026-07-02T01:00:17Z,2026-07-02T02:00:00Z,BTC,range,proxy_above_range_not_label,yes,0,0.01,0.0107,0.5156621967,0.5049621967,0.5049621967,-0.0107,estimated_fee_from_executable_price,BTC|range|2026-07-02T02:00Z,False
KXBTC-26JUL0122-B54550,KXBTC-26JUL0122,2026-07-02T01:00:17Z,2026-07-02T02:00:00Z,BTC,range,proxy_above_range_not_label,yes,0,0.01,0.0107,0.5156621967,0.5049621967,0.5049621967,-0.0107,estimated_fee_from_executable_price,BTC|range|2026-07-02T02:00Z,False
KXBTC-26JUL0122-B54650,KXBTC-26JUL0122,2026-07-02T01:00:17Z,2026-07-02T02:00:00Z,BTC,range,proxy_above_range_not_label,yes,0,0.01,0.0107,0.5156621967,0.5049621967,0.5049621967,-0.0107,estimated_fee_from_executable_price,BTC|range|2026-07-02T02:00Z,False
KXBTC-26JUL0122-B54750,KXBTC-26JUL0122,2026-07-02T01:00:17Z,2026-07-02T02:00:00Z,BTC,range,proxy_above_range_not_label,yes,0,0.01,0.0107,0.5156621967,0.5049621967,0.5049621967,-0.0107,estimated_fee_from_executable_price,BTC|range|2026-07-02T02:00Z,False
KXBTC-26JUL0122-B54850,KXBTC-26JUL0122,2026-07-02T01:00:17Z,2026-07-02T02:00:00Z,BTC,range,proxy_above_range_not_label,yes,0,0.01,0.0107,0.5156621967,0.5049621967,0.5049621967,-0.0107,estimated_fee_from_executable_price,BTC|range|2026-07-02T02:00Z,False
KXBTC-26JUL0122-B54950,KXBTC-26JUL0122,2026-07-02T01:00:17Z,2026-07-02T02:00:00Z,BTC,range,proxy_above_range_not_label,yes,0,0.01,0.0107,0.5156621967,0.5049621967,0.5049621967,-0.0107,estimated_fee_from_executable_price,BTC|range|2026-07-02T02:00Z,False
KXBTC-26JUL0122-B55050,KXBTC-26JUL0122,2026-07-02T01:00:17Z,2026-07-02T02:00:00Z,BTC,range,proxy_above_range_not_label,yes,0,0.01,0.0107,0.5156621967,0.5049621967,0.5049621967,-0.0107,estimated_fee_from_executable_price,BTC|range|2026-07-02T02:00Z,False
KXBTC-26JUL0122-B55150,KXBTC-26JUL0122,2026-07-02T01:00:17Z,2026-07-02T02:00:00Z,BTC,range,proxy_above_range_not_label,yes,0,0.01,0.0107,0.5156621967,0.5049621967,0.5049621967,-0.0107,estimated_fee_from_executable_price,BTC|range|2026-07-02T02:00Z,False
KXBTC-26JUL0122-B55250,KXBTC-26JUL0122,2026-07-02T01:00:17Z,2026-07-02T02:00:00Z,BTC,range,proxy_above_range_not_label,yes,0,0.01,0.0107,0.5156621967,0.5049621967,0.5049621967,-0.0107,estimated_fee_from_executable_price,BTC|range|2026-07-02T02:00Z,False
KXBTC-26JUL0122-B55350,KXBTC-26JUL0122,2026-07-02T01:00:17Z,2026-07-02T02:00:00Z,BTC,range,proxy_above_range_not_label,yes,0,0.01,0.0107,0.5156621967,0.5049621967,0.5049621967,-0.0107,estimated_fee_from_executable_price,BTC|range|2026-07-02T02:00Z,False
KXBTC-26JUL0122-B55450,KXBTC-26JUL0122,2026-07-02T01:00:17Z,2026-07-02T02:00:00Z,BTC,range,proxy_above_range_not_label,yes,0,0.01,0.0107,0.5156621967,0.5049621967,0.5049621967,-0.0107,estimated_fee_from_executable_price,BTC|range|2026-07-02T02:00Z,False
KXBTC-26JUL0122-B55550,KXBTC-26JUL0122,2026-07-02T01:00:17Z,2026-07-02T02:00:00Z,BTC,range,proxy_above_range_not_label,yes,0,0.01,0.0107,0.5156621967,0.5049621967,0.5049621967,-0.0107,estimated_fee_from_executable_price,BTC|range|2026-07-02T02:00Z,False
KXBTC-26JUL0122-B55650,KXBTC-26JUL0122,2026-07-02T01:00:17Z,2026-07-02T02:00:00Z,BTC,range,proxy_above_range_not_label,yes,0,0.01,0.0107,0.5156621967,0.5049621967,0.5049621967,-0.0107,estimated_fee_from_executable_price,BTC|range|2026-07-02T02:00Z,False
KXBTC-26JUL0122-B55750,KXBTC-26JUL0122,2026-07-02T01:00:17Z,2026-07-02T02:00:00Z,BTC,range,proxy_above_range_not_label,yes,0,0.01,0.0107,0.5156621967,0.5049621967,0.5049621967,-0.0107,estimated_fee_from_executable_price,BTC|range|2026-07-02T02:00Z,False
KXBTC-26JUL0122-B55850,KXBTC-26JUL0122,2026-07-02T01:00:17Z,2026-07-02T02:00:00Z,BTC,range,proxy_above_range_not_label,yes,0,0.01,0.0107,0.5156621967,0.5049621967,0.5049621967,-0.0107,estimated_fee_from_executable_price,BTC|range|2026-07-02T02:00Z,False
KXBTC-26JUL0122-B55950,KXBTC-26JUL0122,2026-07-02T01:00:17Z,2026-07-02T02:00:00Z,BTC,range,proxy_above_range_not_label,yes,0,0.01,0.0107,0.5156621967,0.5049621967,0.5049621967,-0.0107,estimated_fee_from_executable_price,BTC|range|2026-07-02T02:00Z,False
KXBTC-26JUL0122-B56050,KXBTC-26JUL0122,2026-07-02T01:00:17Z,2026-07-02T02:00:00Z,BTC,range,proxy_above_range_not_label,yes,0,0.01,0.0107,0.5156621967,0.5049621967,0.5049621967,-0.0107,estimated_fee_from_executable_price,BTC|range|2026-07-02T02:00Z,False
KXBTC-26JUL0122-B56150,KXBTC-26JUL0122,2026-07-02T01:00:17Z,2026-07-02T02:00:00Z,BTC,range,proxy_above_range_not_label,yes,0,0.02,0.0214,0.5156621967,0.4942621967,0.4942621967,-0.0214,estimated_fee_from_executable_price,BTC|range|2026-07-02T02:00Z,False
KXBTC-26JUL0122-B56250,KXBTC-26JUL0122,2026-07-02T01:00:17Z,2026-07-02T02:00:00Z,BTC,range,proxy_above_range_not_label,yes,0,0.02,0.0214,0.5156621967,0.4942621967,0.4942621967,-0.0214,estimated_fee_from_executable_price,BTC|range|2026-07-02T02:00Z,False
KXBTC-26JUL0122-B56350,KXBTC-26JUL0122,2026-07-02T01:00:17Z,2026-07-02T02:00:00Z,BTC,range,proxy_above_range_not_label,yes,0,0.02,0.0214,0.5156621967,0.4942621967,0.4942621967,-0.0214,estimated_fee_from_executable_price,BTC|range|2026-07-02T02:00Z,False
KXBTC-26JUL0122-B56450,KXBTC-26JUL0122,2026-07-02T01:00:17Z,2026-07-02T02:00:00Z,BTC,range,proxy_above_range_not_label,yes,0,0.02,0.0214,0.5156621967,0.4942621967,0.4942621967,-0.0214,estimated_fee_from_executable_price,BTC|range|2026-07-02T02:00Z,False
KXBTC-26JUL0122-B56550,KXBTC-26JUL0122,2026-07-02T01:00:17Z,2026-07-02T02:00:00Z,BTC,range,proxy_above_range_not_label,yes,0,0.02,0.0214,0.5156621967,0.4942621967,0.4942621967,-0.0214,estimated_fee_from_executable_price,BTC|range|2026-07-02T02:00Z,False
KXBTC-26JUL0122-B56650,KXBTC-26JUL0122,2026-07-02T01:00:17Z,2026-07-02T02:00:00Z,BTC,range,proxy_above_range_not_label,yes,0,0.04,0.0427,0.5156621967,0.4729621967,0.4729621967,-0.0427,estimated_fee_from_executable_price,BTC|range|2026-07-02T02:00Z,False
KXBTC-26JUL0122-B56750,KXBTC-26JUL0122,2026-07-02T01:00:17Z,2026-07-02T02:00:00Z,BTC,range,proxy_above_range_not_label,yes,0,0.04,0.0427,0.5156621967,0.4729621967,0.4729621967,-0.0427,estimated_fee_from_executable_price,BTC|range|2026-07-02T02:00Z,False
KXBTC-26JUL0122-B56850,KXBTC-26JUL0122,2026-07-02T01:00:17Z,2026-07-02T02:00:00Z,BTC,range,proxy_above_range_not_label,yes,0,0.04,0.0427,0.5156621967,0.4729621967,0.4729621967,-0.0427,estimated_fee_from_executable_price,BTC|range|2026-07-02T02:00Z,False
KXBTC-26JUL0122-B56950,KXBTC-26JUL0122,2026-07-02T01:00:17Z,2026-07-02T02:00:00Z,BTC,range,proxy_above_range_not_label,yes,0,0.04,0.0427,0.5156621967,0.4729621967,0.4729621967,-0.0427,estimated_fee_from_executable_price,BTC|range|2026-07-02T02:00Z,False
KXBTC-26JUL0122-B57050,KXBTC-26JUL0122,2026-07-02T01:00:17Z,2026-07-02T02:00:00Z,BTC,range,proxy_above_range_not_label,yes,0,0.04,0.0427,0.5156621967,0.4729621967,0.4729621967,-0.0427,estimated_fee_from_executable_price,BTC|range|2026-07-02T02:00Z,False
KXBTC-26JUL0122-B57150,KXBTC-26JUL0122,2026-07-02T01:00:17Z,2026-07-02T02:00:00Z,BTC,range,proxy_above_range_not_label,yes,0,0.04,0.0427,0.5156621967,0.4729621967,0.4729621967,-0.0427,estimated_fee_from_executable_price,BTC|range|2026-07-02T02:00Z,False
KXBTC-26JUL0122-B57250,KXBTC-26JUL0122,2026-07-02T01:00:17Z,2026-07-02T02:00:00Z,BTC,range,proxy_above_range_not_label,yes,0,0.0,0.0,0.5156621967,0.5156621967,0.5156621967,0.0,estimated_fee_from_executable_price,BTC|range|2026-07-02T02:00Z,False
KXBTC-26JUL0122-B57350,KXBTC-26JUL0122,2026-07-02T01:00:17Z,2026-07-02T02:00:00Z,BTC,range,proxy_above_range_not_label,yes,0,0.0,0.0,0.5156621967,0.5156621967,0.5156621967,0.0,estimated_fee_from_executable_price,BTC|range|2026-07-02T02:00Z,False
KXBTC-26JUL0122-B57450,KXBTC-26JUL0122,2026-07-02T01:00:17Z,2026-07-02T02:00:00Z,BTC,range,proxy_above_range_not_label,yes,0,0.0,0.0,0.5156621967,0.5156621967,0.5156621967,0.0,estimated_fee_from_executable_price,BTC|range|2026-07-02T02:00Z,False
KXBTC-26JUL0122-B57550,KXBTC-26JUL0122,2026-07-02T01:00:17Z,2026-07-02T02:00:00Z,BTC,range,proxy_above_range_not_label,yes,0,0.0,0.0,0.5156621967,0.5156621967,0.5156621967,0.0,estimated_fee_from_executable_price,BTC|range|2026-07-02T02:00Z,False
KXBTC-26JUL0122-B57650,KXBTC-26JUL0122,2026-07-02T01:00:17Z,2026-07-02T02:00:00Z,BTC,range,proxy_above_range_not_label,yes,0,0.0,0.0,0.5156621967,0.5156621967,0.5156621967,0.0,estimated_fee_from_executable_price,BTC|range|2026-07-02T02:00Z,False
KXBTC-26JUL0122-B57750,KXBTC-26JUL0122,2026-07-02T01:00:17Z,2026-07-02T02:00:00Z,BTC,range,proxy_above_range_not_label,yes,0,0.0,0.0,0.5156621967,0.5156621967,0.5156621967,0.0,estimated_fee_from_executable_price,BTC|range|2026-07-02T02:00Z,False
KXBTC-26JUL0122-B57850,KXBTC-26JUL0122,2026-07-02T01:00:17Z,2026-07-02T02:00:00Z,BTC,range,proxy_above_range_not_label,yes,0,0.0,0.0,0.5156621967,0.5156621967,0.5156621967,0.0,estimated_fee_from_executable_price,BTC|range|2026-07-02T02:00Z,False
KXBTC-26JUL0122-B57950,KXBTC-26JUL0122,2026-07-02T01:00:17Z,2026-07-02T02:00:00Z,BTC,range,proxy_above_range_not_label,yes,0,0.0,0.0,0.5156621967,0.5156621967,0.5156621967,0.0,estimated_fee_from_executable_price,BTC|range|2026-07-02T02:00Z,False
KXBTC-26JUL0122-B58050,KXBTC-26JUL0122,2026-07-02T01:00:17Z,2026-07-02T02:00:00Z,BTC,range,proxy_above_range_not_label,yes,0,0.0,0.0,0.5156621967,0.5156621967,0.5156621967,0.0,estimated_fee_from_executable_price,BTC|range|2026-07-02T02:00Z,False
KXBTC-26JUL0122-B58150,KXBTC-26JUL0122,2026-07-02T01:00:17Z,2026-07-02T02:00:00Z,BTC,range,proxy_above_range_not_label,yes,0,0.0,0.0,0.5156621967,0.5156621967,0.5156621967,0.0,estimated_fee_from_executable_price,BTC|range|2026-07-02T02:00Z,False
KXBTC-26JUL0122-B58250,KXBTC-26JUL0122,2026-07-02T01:00:17Z,2026-07-02T02:00:00Z,BTC,range,proxy_above_range_not_label,yes,0,0.0,0.0,0.5156621967,0.5156621967,0.5156621967,0.0,estimated_fee_from_executable_price,BTC|range|2026-07-02T02:00Z,False
KXBTC-26JUL0122-B58350,KXBTC-26JUL0122,2026-07-02T01:00:17Z,2026-07-02T02:00:00Z,BTC,range,proxy_above_range_not_label,yes,0,0.0,0.0,0.5156621967,0.5156621967,0.5156621967,0.0,estimated_fee_from_executable_price,BTC|range|2026-07-02T02:00Z,False
KXBTC-26JUL0122-B58450,KXBTC-26JUL0122,2026-07-02T01:00:17Z,2026-07-02T02:00:00Z,BTC,range,proxy_above_range_not_label,yes,0,0.0,0.0,0.5156621967,0.5156621967,0.5156621967,0.0,estimated_fee_from_executable_price,BTC|range|2026-07-02T02:00Z,False
KXBTC-26JUL0122-B58550,KXBTC-26JUL0122,2026-07-02T01:00:17Z,2026-07-02T02:00:00Z,BTC,range,proxy_above_range_not_label,yes,0,0.0,0.0,0.5156621967,0.5156621967,0.5156621967,0.0,estimated_fee_from_executable_price,BTC|range|2026-07-02T02:00Z,False
KXBTC-26JUL0122-B58650,KXBTC-26JUL0122,2026-07-02T01:00:17Z,2026-07-02T02:00:00Z,BTC,range,proxy_above_range_not_label,yes,0,0.0,0.0,0.5156621967,0.5156621967,0.5156621967,0.0,estimated_fee_from_executable_price,BTC|range|2026-07-02T02:00Z,False
KXBTC-26JUL0122-B58750,KXBTC-26JUL0122,2026-07-02T01:00:17Z,2026-07-02T02:00:00Z,BTC,range,proxy_above_range_not_label,yes,0,0.0,0.0,0.5156621967,0.5156621967,0.5156621967,0.0,estimated_fee_from_executable_price,BTC|range|2026-07-02T02:00Z,False
KXBTC-26JUL0122-B58850,KXBTC-26JUL0122,2026-07-02T01:00:17Z,2026-07-02T02:00:00Z,BTC,range,proxy_above_range_not_label,yes,0,0.0,0.0,0.5156621967,0.5156621967,0.5156621967,0.0,estimated_fee_from_executable_price,BTC|range|2026-07-02T02:00Z,False
KXBTC-26JUL0122-B58950,KXBTC-26JUL0122,2026-07-02T01:00:17Z,2026-07-02T02:00:00Z,BTC,range,proxy_above_range_not_label,yes,0,0.0,0.0,0.5156621967,0.5156621967,0.5156621967,0.0,estimated_fee_from_executable_price,BTC|range|2026-07-02T02:00Z,False
KXBTC-26JUL0122-B59050,KXBTC-26JUL0122,2026-07-02T01:00:17Z,2026-07-02T02:00:00Z,BTC,range,proxy_above_range_not_label,yes,0,0.0,0.0,0.5156621967,0.5156621967,0.5156621967,0.0,estimated_fee_from_executable_price,BTC|range|2026-07-02T02:00Z,False
KXBTC-26JUL0122-B59150,KXBTC-26JUL0122,2026-07-02T01:00:17Z,2026-07-02T02:00:00Z,BTC,range,proxy_above_range_not_label,yes,0,0.0,0.0,0.5156621967,0.5156621967,0.5156621967,0.0,estimated_fee_from_executable_price,BTC|range|2026-07-02T02:00Z,False
KXBTC-26JUL0122-B59250,KXBTC-26JUL0122,2026-07-02T01:00:17Z,2026-07-02T02:00:00Z,BTC,range,proxy_above_range_not_label,yes,0,0.0,0.0,0.5156621967,0.5156621967,0.5156621967,0.0,estimated_fee_from_executable_price,BTC|range|2026-07-02T02:00Z,False
KXBTC-26JUL0122-B59350,KXBTC-26JUL0122,2026-07-02T01:00:17Z,2026-07-02T02:00:00Z,BTC,range,proxy_above_range_not_label,yes,0,0.0,0.0,0.5156621967,0.5156621967,0.5156621967,0.0,estimated_fee_from_executable_price,BTC|range|2026-07-02T02:00Z,False
KXBTC-26JUL0122-B59450,KXBTC-26JUL0122,2026-07-02T01:00:17Z,2026-07-02T02:00:00Z,BTC,range,proxy_above_range_not_label,yes,0,0.95,0.9534,0.5156621967,-0.4377378033,-0.4377378033,-0.9534,estimated_fee_from_executable_price,BTC|range|2026-07-02T02:00Z,False
KXBTC-26JUL0122-B59550,KXBTC-26JUL0122,2026-07-02T01:00:17Z,2026-07-02T02:00:00Z,BTC,range,proxy_above_range_not_label,yes,0,0.95,0.9534,0.5156621967,-0.4377378033,-0.4377378033,-0.9534,estimated_fee_from_executable_price,BTC|range|2026-07-02T02:00Z,False
KXBTC-26JUL0122-B59750,KXBTC-26JUL0122,2026-07-02T01:00:17Z,2026-07-02T02:00:00Z,BTC,range,proxy_below_range_not_label,no,1,1.0,1.0,0.5156621967,-0.4843378033,-0.4843378033,0.0,estimated_fee_from_executable_price,BTC|range|2026-07-02T02:00Z,False
KXBTC-26JUL0122-B59850,KXBTC-26JUL0122,2026-07-02T01:00:17Z,2026-07-02T02:00:00Z,BTC,range,proxy_below_range_not_label,no,1,1.0,1.0,0.5156621967,-0.4843378033,-0.4843378033,0.0,estimated_fee_from_executable_price,BTC|range|2026-07-02T02:00Z,False
KXBTC-26JUL0122-B59950,KXBTC-26JUL0122,2026-07-02T01:00:17Z,2026-07-02T02:00:00Z,BTC,range,proxy_below_range_not_label,no,1,1.0,1.0,0.5156621967,-0.4843378033,-0.4843378033,0.0,estimated_fee_from_executable_price,BTC|range|2026-07-02T02:00Z,False
KXBTC-26JUL0122-B60050,KXBTC-26JUL0122,2026-07-02T01:00:17Z,2026-07-02T02:00:00Z,BTC,range,proxy_below_range_not_label,no,1,1.0,1.0,0.5156621967,-0.4843378033,-0.4843378033,0.0,estimated_fee_from_executable_price,BTC|range|2026-07-02T02:00Z,False
KXBTC-26JUL0122-B60150,KXBTC-26JUL0122,2026-07-02T01:00:17Z,2026-07-02T02:00:00Z,BTC,range,proxy_below_range_not_label,no,0,1.0,1.0,0.5156621967,-0.4843378033,-0.4843378033,-1.0,estimated_fee_from_executable_price,BTC|range|2026-07-02T02:00Z,False
KXBTC-26JUL0122-B60250,KXBTC-26JUL0122,2026-07-02T01:00:17Z,2026-07-02T02:00:00Z,BTC,range,proxy_below_range_not_label,no,1,1.0,1.0,0.5156621967,-0.4843378033,-0.4843378033,0.0,estimated_fee_from_executable_price,BTC|range|2026-07-02T02:00Z,False
KXBTC-26JUL0122-B60350,KXBTC-26JUL0122,2026-07-02T01:00:17Z,2026-07-02T02:00:00Z,BTC,range,proxy_below_range_not_label,no,1,1.0,1.0,0.5156621967,-0.4843378033,-0.4843378033,0.0,estimated_fee_from_executable_price,BTC|range|2026-07-02T02:00Z,False
KXBTC-26JUL0122-B60450,KXBTC-26JUL0122,2026-07-02T01:00:17Z,2026-07-02T02:00:00Z,BTC,range,proxy_below_range_not_label,no,1,1.0,1.0,0.5156621967,-0.4843378033,-0.4843378033,0.0,estimated_fee_from_executable_price,BTC|range|2026-07-02T02:00Z,False
KXBTC-26JUL0122-B60550,KXBTC-26JUL0122,2026-07-02T01:00:17Z,2026-07-02T02:00:00Z,BTC,range,proxy_below_range_not_label,no,1,1.0,1.0,0.5156621967,-0.4843378033,-0.4843378033,0.0,estimated_fee_from_executable_price,BTC|range|2026-07-02T02:00Z,False
KXBTC-26JUL0122-B60650,KXBTC-26JUL0122,2026-07-02T01:00:17Z,2026-07-02T02:00:00Z,BTC,range,proxy_below_range_not_label,no,1,1.0,1.0,0.5156621967,-0.4843378033,-0.4843378033,0.0,estimated_fee_from_executable_price,BTC|range|2026-07-02T02:00Z,False
KXBTC-26JUL0122-B60750,KXBTC-26JUL0122,2026-07-02T01:00:17Z,2026-07-02T02:00:00Z,BTC,range,proxy_below_range_not_label,no,1,1.0,1.0,0.5156621967,-0.4843378033,-0.4843378033,0.0,estimated_fee_from_executable_price,BTC|range|2026-07-02T02:00Z,False
KXBTC-26JUL0122-B60850,KXBTC-26JUL0122,2026-07-02T01:00:17Z,2026-07-02T02:00:00Z,BTC,range,proxy_below_range_not_label,no,1,1.0,1.0,0.5156621967,-0.4843378033,-0.4843378033,0.0,estimated_fee_from_executable_price,BTC|range|2026-07-02T02:00Z,False
KXBTC-26JUL0122-B60950,KXBTC-26JUL0122,2026-07-02T01:00:17Z,2026-07-02T02:00:00Z,BTC,range,proxy_below_range_not_label,no,1,1.0,1.0,0.5156621967,-0.4843378033,-0.4843378033,0.0,estimated_fee_from_executable_price,BTC|range|2026-07-02T02:00Z,False
KXBTC-26JUL0122-B61050,KXBTC-26JUL0122,2026-07-02T01:00:17Z,2026-07-02T02:00:00Z,BTC,range,proxy_below_range_not_label,no,1,1.0,1.0,0.5156621967,-0.4843378033,-0.4843378033,0.0,estimated_fee_from_executable_price,BTC|range|2026-07-02T02:00Z,False
KXBTC-26JUL0122-B61150,KXBTC-26JUL0122,2026-07-02T01:00:17Z,2026-07-02T02:00:00Z,BTC,range,proxy_below_range_not_label,no,1,1.0,1.0,0.5156621967,-0.4843378033,-0.4843378033,0.0,estimated_fee_from_executable_price,BTC|range|2026-07-02T02:00Z,False
KXBTC-26JUL0122-B61250,KXBTC-26JUL0122,2026-07-02T01:00:17Z,2026-07-02T02:00:00Z,BTC,range,proxy_below_range_not_label,no,1,1.0,1.0,0.5156621967,-0.4843378033,-0.4843378033,0.0,estimated_fee_from_executable_price,BTC|range|2026-07-02T02:00Z,False
KXBTC-26JUL0122-B61350,KXBTC-26JUL0122,2026-07-02T01:00:17Z,2026-07-02T02:00:00Z,BTC,range,proxy_below_range_not_label,no,1,1.0,1.0,0.5156621967,-0.4843378033,-0.4843378033,0.0,estimated_fee_from_executable_price,BTC|range|2026-07-02T02:00Z,False
KXBTC-26JUL0122-B61450,KXBTC-26JUL0122,2026-07-02T01:00:17Z,2026-07-02T02:00:00Z,BTC,range,proxy_below_range_not_label,no,1,1.0,1.0,0.5156621967,-0.4843378033,-0.4843378033,0.0,estimated_fee_from_executable_price,BTC|range|2026-07-02T02:00Z,False
KXBTC-26JUL0122-B61550,KXBTC-26JUL0122,2026-07-02T01:00:17Z,2026-07-02T02:00:00Z,BTC,range,proxy_below_range_not_label,no,1,1.0,1.0,0.5156621967,-0.4843378033,-0.4843378033,0.0,estimated_fee_from_executable_price,BTC|range|2026-07-02T02:00Z,False
KXBTC-26JUL0122-B61650,KXBTC-26JUL0122,2026-07-02T01:00:17Z,2026-07-02T02:00:00Z,BTC,range,proxy_below_range_not_label,no,1,1.0,1.0,0.5156621967,-0.4843378033,-0.4843378033,0.0,estimated_fee_from_executable_price,BTC|range|2026-07-02T02:00Z,False
KXBTC-26JUL0122-B61750,KXBTC-26JUL0122,2026-07-02T01:00:17Z,2026-07-02T02:00:00Z,BTC,range,proxy_below_range_not_label,no,1,1.0,1.0,0.5156621967,-0.4843378033,-0.4843378033,0.0,estimated_fee_from_executable_price,BTC|range|2026-07-02T02:00Z,False
KXBTC-26JUL0122-B61850,KXBTC-26JUL0122,2026-07-02T01:00:17Z,2026-07-02T02:00:00Z,BTC,range,proxy_below_range_not_label,no,1,1.0,1.0,0.5156621967,-0.4843378033,-0.4843378033,0.0,estimated_fee_from_executable_price,BTC|range|2026-07-02T02:00Z,False
KXBTC-26JUL0122-B61950,KXBTC-26JUL0122,2026-07-02T01:00:17Z,2026-07-02T02:00:00Z,BTC,range,proxy_below_range_not_label,no,1,1.0,1.0,0.5156621967,-0.4843378033,-0.4843378033,0.0,estimated_fee_from_executable_price,BTC|range|2026-07-02T02:00Z,False
KXBTC-26JUL0122-B62050,KXBTC-26JUL0122,2026-07-02T01:00:17Z,2026-07-02T02:00:00Z,BTC,range,proxy_below_range_not_label,no,1,1.0,1.0,0.5156621967,-0.4843378033,-0.4843378033,0.0,estimated_fee_from_executable_price,BTC|range|2026-07-02T02:00Z,False
KXBTC-26JUL0122-B62150,KXBTC-26JUL0122,2026-07-02T01:00:17Z,2026-07-02T02:00:00Z,BTC,range,proxy_below_range_not_label,no,1,1.0,1.0,0.5156621967,-0.4843378033,-0.4843378033,0.0,estimated_fee_from_executable_price,BTC|range|2026-07-02T02:00Z,False
KXBTC-26JUL0122-B62250,KXBTC-26JUL0122,2026-07-02T01:00:17Z,2026-07-02T02:00:00Z,BTC,range,proxy_below_range_not_label,no,1,1.0,1.0,0.5156621967,-0.4843378033,-0.4843378033,0.0,estimated_fee_from_executable_price,BTC|range|2026-07-02T02:00Z,False
KXBTC-26JUL0122-B62350,KXBTC-26JUL0122,2026-07-02T01:00:17Z,2026-07-02T02:00:00Z,BTC,range,proxy_below_range_not_label,no,1,1.0,1.0,0.5156621967,-0.4843378033,-0.4843378033,0.0,estimated_fee_from_executable_price,BTC|range|2026-07-02T02:00Z,False
KXBTC-26JUL0122-B62450,KXBTC-26JUL0122,2026-07-02T01:00:17Z,2026-07-02T02:00:00Z,BTC,range,proxy_below_range_not_label,no,1,1.0,1.0,0.5156621967,-0.4843378033,-0.4843378033,0.0,estimated_fee_from_executable_price,BTC|range|2026-07-02T02:00Z,False
KXBTC-26JUL0122-B62550,KXBTC-26JUL0122,2026-07-02T01:00:17Z,2026-07-02T02:00:00Z,BTC,range,proxy_below_range_not_label,no,1,1.0,1.0,0.5156621967,-0.4843378033,-0.4843378033,0.0,estimated_fee_from_executable_price,BTC|range|2026-07-02T02:00Z,False
KXBTC-26JUL0122-B62650,KXBTC-26JUL0122,2026-07-02T01:00:17Z,2026-07-02T02:00:00Z,BTC,range,proxy_below_range_not_label,no,1,1.0,1.0,0.5156621967,-0.4843378033,-0.4843378033,0.0,estimated_fee_from_executable_price,BTC|range|2026-07-02T02:00Z,False
KXBTC-26JUL0122-B62750,KXBTC-26JUL0122,2026-07-02T01:00:17Z,2026-07-02T02:00:00Z,BTC,range,proxy_below_range_not_label,no,1,1.0,1.0,0.5156621967,-0.4843378033,-0.4843378033,0.0,estimated_fee_from_executable_price,BTC|range|2026-07-02T02:00Z,False
KXBTC-26JUL0122-B62850,KXBTC-26JUL0122,2026-07-02T01:00:17Z,2026-07-02T02:00:00Z,BTC,range,proxy_below_range_not_label,no,1,1.0,1.0,0.5156621967,-0.4843378033,-0.4843378033,0.0,estimated_fee_from_executable_price,BTC|range|2026-07-02T02:00Z,False
KXBTC-26JUL0122-B62950,KXBTC-26JUL0122,2026-07-02T01:00:17Z,2026-07-02T02:00:00Z,BTC,range,proxy_below_range_not_label,no,1,1.0,1.0,0.5156621967,-0.4843378033,-0.4843378033,0.0,estimated_fee_from_executable_price,BTC|range|2026-07-02T02:00Z,False
KXBTC-26JUL0122-B63050,KXBTC-26JUL0122,2026-07-02T01:00:17Z,2026-07-02T02:00:00Z,BTC,range,proxy_below_range_not_label,no,1,1.0,1.0,0.5156621967,-0.4843378033,-0.4843378033,0.0,estimated_fee_from_executable_price,BTC|range|2026-07-02T02:00Z,False
KXBTC-26JUL0122-B63150,KXBTC-26JUL0122,2026-07-02T01:00:17Z,2026-07-02T02:00:00Z,BTC,range,proxy_below_range_not_label,no,1,1.0,1.0,0.5156621967,-0.4843378033,-0.4843378033,0.0,estimated_fee_from_executable_price,BTC|range|2026-07-02T02:00Z,False
KXBTC-26JUL0122-B63250,KXBTC-26JUL0122,2026-07-02T01:00:17Z,2026-07-02T02:00:00Z,BTC,range,proxy_below_range_not_label,no,1,1.0,1.0,0.5156621967,-0.4843378033,-0.4843378033,0.0,estimated_fee_from_executable_price,BTC|range|2026-07-02T02:00Z,False
KXBTC-26JUL0122-B63350,KXBTC-26JUL0122,2026-07-02T01:00:17Z,2026-07-02T02:00:00Z,BTC,range,proxy_below_range_not_label,no,1,1.0,1.0,0.5156621967,-0.4843378033,-0.4843378033,0.0,estimated_fee_from_executable_price,BTC|range|2026-07-02T02:00Z,False
KXBTC-26JUL0122-B63450,KXBTC-26JUL0122,2026-07-02T01:00:17Z,2026-07-02T02:00:00Z,BTC,range,proxy_below_range_not_label,no,1,1.0,1.0,0.5156621967,-0.4843378033,-0.4843378033,0.0,estimated_fee_from_executable_price,BTC|range|2026-07-02T02:00Z,False
KXBTC-26JUL0122-B63550,KXBTC-26JUL0122,2026-07-02T01:00:17Z,2026-07-02T02:00:00Z,BTC,range,proxy_below_range_not_label,no,1,1.0,1.0,0.5156621967,-0.4843378033,-0.4843378033,0.0,estimated_fee_from_executable_price,BTC|range|2026-07-02T02:00Z,False
KXBTC-26JUL0122-B63650,KXBTC-26JUL0122,2026-07-02T01:00:17Z,2026-07-02T02:00:00Z,BTC,range,proxy_below_range_not_label,no,1,1.0,1.0,0.5156621967,-0.4843378033,-0.4843378033,0.0,estimated_fee_from_executable_price,BTC|range|2026-07-02T02:00Z,False
KXBTC-26JUL0122-B63750,KXBTC-26JUL0122,2026-07-02T01:00:17Z,2026-07-02T02:00:00Z,BTC,range,proxy_below_range_not_label,no,1,1.0,1.0,0.5156621967,-0.4843378033,-0.4843378033,0.0,estimated_fee_from_executable_price,BTC|range|2026-07-02T02:00Z,False
KXBTC15M-26JUL012115-15,KXBTC15M-26JUL012115,2026-07-02T01:00:17Z,2026-07-02T01:15:00Z,BTC,fifteen_minute_up_down,proxy_below_floor_not_label,no,0,0.53,0.5475,0.5156621967,-0.0318378033,-0.0318378033,-0.5475,estimated_fee_from_executable_price,BTC|fifteen_minute_up_down|2026-07-02T01:15Z,False
KXDOGE15M-26JUL012115-15,KXDOGE15M-26JUL012115,2026-07-02T01:00:17Z,2026-07-02T01:15:00Z,DOGE,fifteen_minute_up_down,proxy_below_floor_not_label,no,0,0.65,0.666,0.5156621967,-0.1503378033,-0.1503378033,-0.666,estimated_fee_from_executable_price,DOGE|fifteen_minute_up_down|2026-07-02T01:15Z,False
KXETH15M-26JUL012115-15,KXETH15M-26JUL012115,2026-07-02T01:00:17Z,2026-07-02T01:15:00Z,ETH,fifteen_minute_up_down,proxy_above_floor_not_label,yes,1,0.53,0.5475,0.5156621967,-0.0318378033,-0.0318378033,0.4525,estimated_fee_from_executable_price,ETH|fifteen_minute_up_down|2026-07-02T01:15Z,False
KXHYPE15M-26JUL012115-15,KXHYPE15M-26JUL012115,2026-07-02T01:00:17Z,2026-07-02T01:15:00Z,HYPE,fifteen_minute_up_down,proxy_above_floor_not_label,yes,1,0.65,0.666,0.5156621967,-0.1503378033,-0.1503378033,0.334,estimated_fee_from_executable_price,HYPE|fifteen_minute_up_down|2026-07-02T01:15Z,False
KXNEAR15M-26JUL012115-15,KXNEAR15M-26JUL012115,2026-07-02T01:00:17Z,2026-07-02T01:15:00Z,NEAR,fifteen_minute_up_down,proxy_above_floor_not_label,yes,1,0.0,0.0,0.5156621967,0.5156621967,0.5156621967,1.0,estimated_fee_from_executable_price,NEAR|fifteen_minute_up_down|2026-07-02T01:15Z,False
KXSOL15M-26JUL012115-15,KXSOL15M-26JUL012115,2026-07-02T01:00:17Z,2026-07-02T01:15:00Z,SOL,fifteen_minute_up_down,proxy_above_floor_not_label,yes,1,0.56,0.5773,0.5156621967,-0.0616378033,-0.0616378033,0.4227,estimated_fee_from_executable_price,SOL|fifteen_minute_up_down|2026-07-02T01:15Z,False
KXXRP15M-26JUL012115-15,KXXRP15M-26JUL012115,2026-07-02T01:00:17Z,2026-07-02T01:15:00Z,XRP,fifteen_minute_up_down,proxy_above_floor_not_label,yes,1,0.62,0.6365,0.5156621967,-0.1208378033,-0.1208378033,0.3635,estimated_fee_from_executable_price,XRP|fifteen_minute_up_down|2026-07-02T01:15Z,False
KXZEC15M-26JUL012115-15,KXZEC15M-26JUL012115,2026-07-02T01:00:17Z,2026-07-02T01:15:00Z,ZEC,fifteen_minute_up_down,proxy_above_floor_not_label,yes,1,0.0,0.0,0.5156621967,0.5156621967,0.5156621967,1.0,estimated_fee_from_executable_price,ZEC|fifteen_minute_up_down|2026-07-02T01:15Z,False
KXBNB15M-26JUL012145-45,KXBNB15M-26JUL012145,2026-07-02T01:39:19Z,2026-07-02T01:45:00Z,BNB,fifteen_minute_up_down,proxy_above_floor_not_label,yes,1,0.96,0.9627,0.5156621967,-0.4470378033,-0.4470378033,0.0373,estimated_fee_from_executable_price,BNB|fifteen_minute_up_down|2026-07-02T01:45Z,False
KXBTC15M-26JUL012145-45,KXBTC15M-26JUL012145,2026-07-02T01:39:19Z,2026-07-02T01:45:00Z,BTC,fifteen_minute_up_down,proxy_above_floor_not_label,yes,1,0.966,0.9683,0.5156621967,-0.4526378033,-0.4526378033,0.0317,estimated_fee_from_executable_price,BTC|fifteen_minute_up_down|2026-07-02T01:45Z,False
KXDOGE15M-26JUL012145-45,KXDOGE15M-26JUL012145,2026-07-02T01:39:19Z,2026-07-02T01:45:00Z,DOGE,fifteen_minute_up_down,proxy_above_floor_not_label,yes,1,0.98,0.9814,0.5156621967,-0.4657378033,-0.4657378033,0.0186,estimated_fee_from_executable_price,DOGE|fifteen_minute_up_down|2026-07-02T01:45Z,False
KXETH15M-26JUL012145-45,KXETH15M-26JUL012145,2026-07-02T01:39:19Z,2026-07-02T01:45:00Z,ETH,fifteen_minute_up_down,proxy_above_floor_not_label,yes,1,0.98,0.9814,0.5156621967,-0.4657378033,-0.4657378033,0.0186,estimated_fee_from_executable_price,ETH|fifteen_minute_up_down|2026-07-02T01:45Z,False
KXHYPE15M-26JUL012145-45,KXHYPE15M-26JUL012145,2026-07-02T01:39:19Z,2026-07-02T01:45:00Z,HYPE,fifteen_minute_up_down,proxy_above_floor_not_label,yes,1,0.97,0.9721,0.5156621967,-0.4564378033,-0.4564378033,0.0279,estimated_fee_from_executable_price,HYPE|fifteen_minute_up_down|2026-07-02T01:45Z,False
KXNEAR15M-26JUL012145-45,KXNEAR15M-26JUL012145,2026-07-02T01:39:19Z,2026-07-02T01:45:00Z,NEAR,fifteen_minute_up_down,proxy_above_floor_not_label,yes,1,0.98,0.9814,0.5156621967,-0.4657378033,-0.4657378033,0.0186,estimated_fee_from_executable_price,NEAR|fifteen_minute_up_down|2026-07-02T01:45Z,False
KXSOL15M-26JUL012145-45,KXSOL15M-26JUL012145,2026-07-02T01:39:19Z,2026-07-02T01:45:00Z,SOL,fifteen_minute_up_down,proxy_above_floor_not_label,yes,1,0.99,0.9907,0.5156621967,-0.4750378033,-0.4750378033,0.0093,estimated_fee_from_executable_price,SOL|fifteen_minute_up_down|2026-07-02T01:45Z,False
KXXRP15M-26JUL012145-45,KXXRP15M-26JUL012145,2026-07-02T01:39:19Z,2026-07-02T01:45:00Z,XRP,fifteen_minute_up_down,proxy_above_floor_not_label,yes,1,0.986,0.987,0.5156621967,-0.4713378033,-0.4713378033,0.013,estimated_fee_from_executable_price,XRP|fifteen_minute_up_down|2026-07-02T01:45Z,False
KXZEC15M-26JUL012145-45,KXZEC15M-26JUL012145,2026-07-02T01:39:19Z,2026-07-02T01:45:00Z,ZEC,fifteen_minute_up_down,proxy_below_floor_not_label,no,0,0.49,0.5075,0.5156621967,0.0081621967,0.0081621967,-0.5075,estimated_fee_from_executable_price,ZEC|fifteen_minute_up_down|2026-07-02T01:45Z,False
KXBNB15M-26JUL020100-00,KXBNB15M-26JUL020100,2026-07-02T04:45:27Z,2026-07-02T05:00:00Z,BNB,fifteen_minute_up_down,proxy_below_floor_not_label,no,0,0.47,0.4875,0.5156621967,0.0281621967,0.0281621967,-0.4875,estimated_fee_from_executable_price,BNB|fifteen_minute_up_down|2026-07-02T05:00Z,False
KXBTC15M-26JUL020100-00,KXBTC15M-26JUL020100,2026-07-02T04:45:27Z,2026-07-02T05:00:00Z,BTC,fifteen_minute_up_down,proxy_below_floor_not_label,no,0,0.53,0.5475,0.5156621967,-0.0318378033,-0.0318378033,-0.5475,estimated_fee_from_executable_price,BTC|fifteen_minute_up_down|2026-07-02T05:00Z,False
KXDOGE15M-26JUL020100-00,KXDOGE15M-26JUL020100,2026-07-02T04:45:27Z,2026-07-02T05:00:00Z,DOGE,fifteen_minute_up_down,proxy_above_floor_not_label,yes,1,0.69,0.705,0.5156621967,-0.1893378033,-0.1893378033,0.295,estimated_fee_from_executable_price,DOGE|fifteen_minute_up_down|2026-07-02T05:00Z,False
KXETH15M-26JUL020100-00,KXETH15M-26JUL020100,2026-07-02T04:45:27Z,2026-07-02T05:00:00Z,ETH,fifteen_minute_up_down,proxy_below_floor_not_label,no,0,0.55,0.5674,0.5156621967,-0.0517378033,-0.0517378033,-0.5674,estimated_fee_from_executable_price,ETH|fifteen_minute_up_down|2026-07-02T05:00Z,False
KXHYPE15M-26JUL020100-00,KXHYPE15M-26JUL020100,2026-07-02T04:45:27Z,2026-07-02T05:00:00Z,HYPE,fifteen_minute_up_down,proxy_above_floor_not_label,yes,1,0.54,0.5574,0.5156621967,-0.0417378033,-0.0417378033,0.4426,estimated_fee_from_executable_price,HYPE|fifteen_minute_up_down|2026-07-02T05:00Z,False
KXNEAR15M-26JUL020100-00,KXNEAR15M-26JUL020100,2026-07-02T04:45:27Z,2026-07-02T05:00:00Z,NEAR,fifteen_minute_up_down,proxy_below_floor_not_label,no,0,0.54,0.5574,0.5156621967,-0.0417378033,-0.0417378033,-0.5574,estimated_fee_from_executable_price,NEAR|fifteen_minute_up_down|2026-07-02T05:00Z,False
KXSOL15M-26JUL020100-00,KXSOL15M-26JUL020100,2026-07-02T04:45:27Z,2026-07-02T05:00:00Z,SOL,fifteen_minute_up_down,proxy_below_floor_not_label,no,0,0.48,0.4975,0.5156621967,0.0181621967,0.0181621967,-0.4975,estimated_fee_from_executable_price,SOL|fifteen_minute_up_down|2026-07-02T05:00Z,False
KXXRP15M-26JUL020100-00,KXXRP15M-26JUL020100,2026-07-02T04:45:27Z,2026-07-02T05:00:00Z,XRP,fifteen_minute_up_down,proxy_above_floor_not_label,yes,1,0.56,0.5773,0.5156621967,-0.0616378033,-0.0616378033,0.4227,estimated_fee_from_executable_price,XRP|fifteen_minute_up_down|2026-07-02T05:00Z,False
KXZEC15M-26JUL020100-00,KXZEC15M-26JUL020100,2026-07-02T04:45:27Z,2026-07-02T05:00:00Z,ZEC,fifteen_minute_up_down,proxy_above_floor_not_label,yes,0,0.64,0.6562,0.5156621967,-0.1405378033,-0.1405378033,-0.6562,estimated_fee_from_executable_price,ZEC|fifteen_minute_up_down|2026-07-02T05:00Z,False
